192638,01/01/2021,New Jersey,US,2021-04-02 15:13:53,535043.0,19160.0,0.0
193400,01/02/2021,New Jersey,US,2021-04-02 15:13:53,541202.0,19187.0,0.0
194162,01/03/2021,New Jersey,US,2021-04-02 15:13:53,545450.0,19208.0,0.0
194925,01/04/2021,New Jersey,US,2021-04-02 15:13:53,547247.0,19225.0,0.0
195688,01/05/2021,New Jersey,US,2021-04-02 15:13:53,554400.0,19382.0,0.0
196451,01/06/2021,New Jersey,US,2021-04-02 15:13:53,560057.0,19523.0,0.0
197214,01/07/2021,New Jersey,US,2021-04-02 15:13:53,566761.0,19646.0,0.0
197977,01/08/2021,New Jersey,US,2021-04-02 15:13:53,572692.0,19756.0,0.0
198740,01/09/2021,New Jersey,US,2021-04-02 15:13:53,579250.0,19854.0,0.0
199503,01/10/2021,New Jersey,US,2021-04-02 15:13:53,584828.0,19854.0,0.0
200266,01/11/2021,New Jersey,US,2021-04-02 15:13:53,590162.0,19854.0,0.0
201029,01/12/2021,New Jersey,US,2021-04-02 15:13:53,594749.0,20039.0,0.0
201792,01/13/2021,New Jersey,US,2021-04-02 15:13:53,602629.0,20161.0,0.0
202555,01/14/2021,New Jersey,US,2021-04-02 15:13:53,609721.0,20161.0,0.0
203318,01/15/2021,New Jersey,US,2021-04-02 15:13:53,616032.0,20320.0,0.0
204081,01/16/2021,New Jersey,US,2021-04-02 15:13:53,622089.0,20414.0,0.0
204844,01/17/2021,New Jersey,US,2021-04-02 15:13:53,627221.0,20439.0,0.0
205607,01/18/2021,New Jersey,US,2021-04-02 15:13:53,631074.0,20458.0,0.0
206370,01/19/2021,New Jersey,US,2021-04-02 15:13:53,635702.0,20512.0,0.0
207133,01/20/2021,New Jersey,US,2021-04-02 15:13:53,641140.0,20664.0,0.0
207897,01/21/2021,New Jersey,US,2021-04-02 15:13:53,646189.0,20760.0,0.0
208661,01/22/2021,New Jersey,US,2021-04-02 15:13:53,650389.0,20875.0,0.0
209425,01/23/2021,New Jersey,US,2021-04-02 15:13:53,657536.0,20934.0,0.0
210189,01/24/2021,New Jersey,US,2021-04-02 15:13:53,662808.0,20951.0,0.0
210953,01/25/2021,New Jersey,US,2021-04-02 15:13:53,666951.0,20972.0,0.0
211717,01/26/2021,New Jersey,US,2021-04-02 15:13:53,671781.0,21105.0,0.0
212481,01/27/2021,New Jersey,US,2021-04-02 15:13:53,676537.0,21220.0,0.0
213245,01/28/2021,New Jersey,US,2021-04-02 15:13:53,681283.0,21301.0,0.0
214009,01/29/2021,New Jersey,US,2021-04-02 15:13:53,687269.0,21383.0,0.0
214773,01/30/2021,New Jersey,US,2021-04-02 15:13:53,692543.0,21455.0,0.0
215537,01/31/2021,New Jersey,US,2021-04-02 15:13:53,696829.0,21484.0,0.0
216301,02/01/2021,New Jersey,US,2021-04-02 15:13:53,700346.0,21513.0,0.0
217065,02/02/2021,New Jersey,US,2021-04-02 15:13:53,703496.0,21584.0,0.0
217829,02/03/2021,New Jersey,US,2021-04-02 15:13:53,705807.0,21693.0,0.0
218593,02/04/2021,New Jersey,US,2021-04-02 15:13:53,709096.0,21793.0,0.0
219357,02/05/2021,New Jersey,US,2021-04-02 15:13:53,713324.0,21886.0,0.0
220121,02/06/2021,New Jersey,US,2021-04-02 15:13:53,717835.0,21964.0,0.0
220885,02/07/2021,New Jersey,US,2021-04-02 15:13:53,722167.0,21989.0,0.0
221649,02/08/2021,New Jersey,US,2021-04-02 15:13:53,724728.0,22011.0,0.0
222413,02/09/2021,New Jersey,US,2021-04-02 15:13:53,728304.0,22103.0,0.0
223177,02/10/2021,New Jersey,US,2021-04-02 15:13:53,732674.0,22250.0,0.0
223941,02/11/2021,New Jersey,US,2021-04-02 15:13:53,736330.0,22329.0,0.0
224705,02/12/2021,New Jersey,US,2021-04-02 15:13:53,740062.0,22393.0,0.0
225469,02/13/2021,New Jersey,US,2021-04-02 15:13:53,743819.0,22440.0,0.0
226233,02/14/2021,New Jersey,US,2021-04-02 15:13:53,745987.0,22454.0,0.0
226997,02/15/2021,New Jersey,US,2021-04-02 15:13:53,747432.0,22466.0,0.0
227761,02/16/2021,New Jersey,US,2021-04-02 15:13:53,751065.0,22497.0,0.0
228525,02/17/2021,New Jersey,US,2021-04-02 15:13:53,755174.0,22632.0,0.0
229289,02/18/2021,New Jersey,US,2021-04-02 15:13:53,758451.0,22721.0,0.0
230053,02/19/2021,New Jersey,US,2021-04-02 15:13:53,761498.0,22784.0,0.0
230817,02/20/2021,New Jersey,US,2021-04-02 15:13:53,764375.0,22834.0,0.0
231581,02/21/2021,New Jersey,US,2021-04-02 15:13:53,766405.0,22858.0,0.0
232345,02/22/2021,New Jersey,US,2021-04-02 15:13:53,769109.0,22874.0,0.0
233109,02/23/2021,New Jersey,US,2021-04-02 15:13:53,772267.0,22978.0,0.0
233873,02/24/2021,New Jersey,US,2021-04-02 15:13:53,775386.0,23077.0,0.0
234637,02/25/2021,New Jersey,US,2021-04-02 15:13:53,778963.0,23147.0,0.0
235401,02/26/2021,New Jersey,US,2021-04-02 15:13:53,782833.0,23192.0,0.0
236165,02/27/2021,New Jersey,US,2021-04-02 15:13:53,786967.0,23238.0,0.0
236929,02/28/2021,New Jersey,US,2021-04-02 15:13:53,789356.0,23252.0,0.0
237693,03/01/2021,New Jersey,US,2021-04-02 15:13:53,792496.0,23273.0,0.0
238457,03/02/2021,New Jersey,US,2021-04-02 15:13:53,795785.0,23321.0,0.0
239221,03/03/2021,New Jersey,US,2021-04-02 15:13:53,799476.0,23449.0,0.0
239985,03/04/2021,New Jersey,US,2021-04-02 15:13:53,802669.0,23491.0,0.0
240749,03/05/2021,New Jersey,US,2021-04-02 15:13:53,806370.0,23521.0,0.0
241513,03/06/2021,New Jersey,US,2021-04-02 15:13:53,810090.0,23557.0,0.0
242277,03/07/2021,New Jersey,US,2021-04-02 15:13:53,812609.0,23574.0,0.0
243041,03/08/2021,New Jersey,US,2021-04-02 15:13:53,814916.0,23590.0,0.0
243805,03/09/2021,New Jersey,US,2021-04-02 15:13:53,819042.0,23635.0,0.0
4658,03/10/2020,New Jersey,US,2020-03-10T18:13:16,15.0,1.0,0.0
244569,03/10/2021,New Jersey,US,2021-04-02 15:13:53,822817.0,23768.0,0.0
4856,03/11/2020,New Jersey,US,2020-03-11T18:52:04,23.0,1.0,0.0
245333,03/11/2021,New Jersey,US,2021-04-02 15:13:53,826632.0,23814.0,0.0
5072,03/12/2020,New Jersey,US,2020-03-12T21:39:10,29.0,1.0,0.0
246097,03/12/2021,New Jersey,US,2021-04-02 15:13:53,830681.0,23854.0,0.0
5406,03/13/2020,New Jersey,US,2020-03-11T20:00:00,29.0,1.0,0.0
246861,03/13/2021,New Jersey,US,2021-04-02 15:13:53,834547.0,23888.0,0.0
5518,03/14/2020,New Jersey,US,2020-03-14T22:13:32,69.0,1.0,0.0
247625,03/14/2021,New Jersey,US,2021-04-02 15:13:53,837861.0,23903.0,0.0
5769,03/15/2020,New Jersey,US,2020-03-15T18:20:19,98.0,2.0,0.0
248389,03/15/2021,New Jersey,US,2021-04-02 15:13:53,840685.0,23925.0,0.0
5996,03/16/2020,New Jersey,US,2020-03-16T22:13:21,178.0,2.0,1.0
249153,03/16/2021,New Jersey,US,2021-04-02 15:13:53,844398.0,23966.0,0.0
6262,03/17/2020,New Jersey,US,2020-03-17T20:13:22,267.0,3.0,1.0
249917,03/17/2021,New Jersey,US,2021-04-02 15:13:53,848727.0,24045.0,0.0
6544,03/18/2020,New Jersey,US,2020-03-18T14:13:56,267.0,3.0,0.0
250681,03/18/2021,New Jersey,US,2021-04-02 15:13:53,853188.0,24076.0,0.0
6808,03/19/2020,New Jersey,US,2020-03-19T23:43:04,742.0,9.0,0.0
251445,03/19/2021,New Jersey,US,2021-04-02 15:13:53,857739.0,24103.0,0.0
7100,03/20/2020,New Jersey,US,2020-03-20T21:13:32,890.0,11.0,0.0
252209,03/20/2021,New Jersey,US,2021-04-02 15:13:53,862648.0,24134.0,0.0
7391,03/21/2020,New Jersey,US,2020-03-21T19:43:03,1327.0,16.0,0.0
252973,03/21/2021,New Jersey,US,2021-04-02 15:13:53,865886.0,24174.0,0.0
7922,03/22/2020,New Jersey,US,3/8/20 5:31,1914.0,20.0,0.0
253737,03/22/2021,New Jersey,US,2021-04-02 15:13:53,869037.0,24181.0,0.0
8222,03/23/2020,New Jersey,US,2020-03-23 23:23:20,2844.0,27.0,0.0
254501,03/23/2021,New Jersey,US,2021-04-02 15:13:53,873840.0,24242.0,0.0
8522,03/24/2020,New Jersey,US,2020-03-24 23:41:50,3675.0,44.0,0.0
255265,03/24/2021,New Jersey,US,2021-04-02 15:13:53,877936.0,24292.0,0.0
8828,03/25/2020,New Jersey,US,2020-03-25 23:37:49,4402.0,62.0,0.0
256029,03/25/2021,New Jersey,US,2021-04-02 15:13:53,881882.0,24330.0,0.0
9136,03/26/2020,New Jersey,US,2020-03-26 23:53:24,6876.0,81.0,0.0
256793,03/26/2021,New Jersey,US,2021-04-02 15:13:53,887481.0,24358.0,0.0
9447,03/27/2020,New Jersey,US,2020-03-27 23:27:48,8825.0,108.0,0.0
257557,03/27/2021,New Jersey,US,2021-04-02 15:13:53,892143.0,24382.0,0.0
9761,03/28/2020,New Jersey,US,3/8/20 5:31,11124.0,140.0,0.0
258321,03/28/2021,New Jersey,US,2021-04-02 15:13:53,896652.0,24389.0,0.0
10076,03/29/2020,New Jersey,US,3/8/20 5:31,13386.0,161.0,0.0
259085,03/29/2021,New Jersey,US,2021-04-02 15:13:53,900273.0,24404.0,0.0
10392,03/30/2020,New Jersey,US,3/8/20 5:31,16636.0,198.0,0.0
259849,03/30/2021,New Jersey,US,2021-04-02 15:13:53,905144.0,24486.0,0.0
10709,03/31/2020,New Jersey,US,2020-03-31 23:49:27,18696.0,267.0,0.0
260613,03/31/2021,New Jersey,US,2021-04-02 15:13:53,908816.0,24561.0,0.0
11026,04/01/2020,New Jersey,US,2020-04-01 22:04:58,22255.0,355.0,0.0
261377,04/01/2021,New Jersey,US,2021-04-02 15:13:53,914422.0,24591.0,0.0
11345,04/02/2020,New Jersey,US,4/2/20 8:53,25590.0,537.0,0.0
262141,04/02/2021,New Jersey,US,2021-04-03 04:20:44,918951.0,24615.0,0.0
11664,04/03/2020,New Jersey,US,2020-04-03 22:52:45,29895.0,646.0,0.0
262905,04/03/2021,New Jersey,US,2021-04-04 04:20:49,923396.0,24632.0,0.0
11984,04/04/2020,New Jersey,US,4/4/20 9:38,34124.0,846.0,0.0
263669,04/04/2021,New Jersey,US,2021-04-05 04:20:35,927195.0,24637.0,0.0
12305,04/05/2020,New Jersey,US,2020-04-05 23:13:44,37505.0,917.0,0.0
264433,04/05/2021,New Jersey,US,2021-04-06 04:20:32,930026.0,24649.0,0.0
12628,04/06/2020,New Jersey,US,4/6/20 9:37,41090.0,1003.0,0.0
265197,04/06/2021,New Jersey,US,2021-04-07 04:20:53,933736.0,24700.0,0.0
12951,04/07/2020,New Jersey,US,2020-04-07 23:11:31,44416.0,1232.0,0.0
265961,04/07/2021,New Jersey,US,2021-04-08 04:21:13,937979.0,24749.0,0.0
13274,04/08/2020,New Jersey,US,2020-04-08 22:59:00,47437.0,1504.0,0.0
266725,04/08/2021,New Jersey,US,2021-04-09 04:21:13,942311.0,24783.0,0.0
13597,04/09/2020,New Jersey,US,2020-04-09 23:09:19,51027.0,1709.0,0.0
267489,04/09/2021,New Jersey,US,2021-04-10 04:20:59,946504.0,24826.0,0.0
13921,04/10/2020,New Jersey,US,2020-04-10 23:01:43,54588.0,1932.0,0.0
268253,04/10/2021,New Jersey,US,2021-04-11 04:20:56,950103.0,24859.0,0.0
14245,04/11/2020,New Jersey,US,2020-04-11 22:52:46,58151.0,2183.0,0.0
269017,04/11/2021,New Jersey,US,2021-04-12 04:21:00,953490.0,24870.0,0.0
14568,04/12/2020,New Jersey,US,2020-04-12 23:25:00,61850.0,2350.0,0.0
269781,04/12/2021,New Jersey,US,2021-04-13 04:20:37,955958.0,24896.0,0.0
14891,04/13/2020,New Jersey,US,2020-04-13 23:15:42,64584.0,2443.0,0.0
270545,04/13/2021,New Jersey,US,2021-04-14 04:20:41,959921.0,24945.0,0.0
15214,04/14/2020,New Jersey,US,2020-04-14 23:41:11,68824.0,2805.0,0.0
271309,04/14/2021,New Jersey,US,2021-04-15 04:20:54,963484.0,25006.0,0.0
15537,04/15/2020,New Jersey,US,2020-04-15 23:04:26,71030.0,3156.0,0.0
272073,04/15/2021,New Jersey,US,2021-04-16 04:20:46,967442.0,25053.0,0.0
15860,04/16/2020,New Jersey,US,2020-04-16 23:38:19,75317.0,3518.0,0.0
272837,04/16/2021,New Jersey,US,2021-04-17 04:20:40,971782.0,25094.0,0.0
16183,04/17/2020,New Jersey,US,2020-04-17 23:38:48,78467.0,3840.0,0.0
273601,04/17/2021,New Jersey,US,2021-04-18 04:20:41,975704.0,25134.0,0.0
16506,04/18/2020,New Jersey,US,2020-04-18 22:40:18,81420.0,4070.0,0.0
274365,04/18/2021,New Jersey,US,2021-04-19 04:20:57,978853.0,25143.0,0.0
16829,04/19/2020,New Jersey,US,2020-04-19 23:49:05,85301.0,4362.0,0.0
275129,04/19/2021,New Jersey,US,2021-04-20 04:20:41,981036.0,25161.0,0.0
17152,04/20/2020,New Jersey,US,2020-04-20 23:44:50,88722.0,4496.0,0.0
275893,04/20/2021,New Jersey,US,2021-04-21 04:21:14,983875.0,25206.0,0.0
17475,04/21/2020,New Jersey,US,2020-04-21 23:39:09,92387.0,4753.0,0.0
276657,04/21/2021,New Jersey,US,2021-04-22 04:20:53,987350.0,25271.0,0.0
17797,04/22/2020,New Jersey,US,2020-04-22 23:38:57,95914.0,5150.0,0.0
277421,04/22/2021,New Jersey,US,2021-04-23 04:20:52,990580.0,25301.0,0.0
18120,04/23/2020,New Jersey,US,2020-04-24 03:31:35,100025.0,5426.0,0.0
278185,04/23/2021,New Jersey,US,2021-04-24 04:20:38,993414.0,25328.0,0.0
18443,04/24/2020,New Jersey,US,2020-04-25 06:31:19,102196.0,5683.0,0.0
278949,04/24/2021,New Jersey,US,2021-04-25 04:20:32,996197.0,25367.0,0.0
18763,04/25/2020,New Jersey,US,2020-04-26 02:31:18,105498.0,5914.0,0.0
279713,04/25/2021,New Jersey,US,2021-04-26 04:21:04,997891.0,25380.0,0.0
19083,04/26/2020,New Jersey,US,2020-04-27 02:31:20,109038.0,5938.0,0.0
280477,04/26/2021,New Jersey,US,2021-04-27 04:20:52,988886.0,25399.0,0.0
19404,04/27/2020,New Jersey,US,2020-04-28 02:31:20,111188.0,6044.0,0.0
281241,04/27/2021,New Jersey,US,2021-04-28 04:20:32,991010.0,25460.0,0.0
19728,04/28/2020,New Jersey,US,2020-04-29 02:32:29,113856.0,6442.0,0.0
282005,04/28/2021,New Jersey,US,2021-04-29 04:20:55,993123.0,25509.0,0.0
20052,04/29/2020,New Jersey,US,2020-04-30 02:32:27,116365.0,6771.0,0.0
282769,04/29/2021,New Jersey,US,2021-04-30 04:21:03,995365.0,25529.0,0.0
20378,04/30/2020,New Jersey,US,2020-05-01 02:32:28,118652.0,7228.0,0.0
283533,04/30/2021,New Jersey,US,2021-05-01 04:20:47,997223.0,25554.0,0.0
20704,05/01/2020,New Jersey,US,2020-05-02 02:32:27,121203.0,7538.0,0.0
284297,05/01/2021,New Jersey,US,2021-05-02 04:20:48,998812.0,25588.0,0.0
21030,05/02/2020,New Jersey,US,2020-05-03 02:32:28,123735.0,7742.0,0.0
285061,05/02/2021,New Jersey,US,2021-05-03 04:20:39,1000010.0,25600.0,0.0
21356,05/03/2020,New Jersey,US,2020-05-04 02:32:28,126763.0,7871.0,0.0
21682,05/04/2020,New Jersey,US,2020-05-05 02:32:34,128296.0,7910.0,0.0
22008,05/05/2020,New Jersey,US,2020-05-06 02:32:31,130628.0,8244.0,0.0
22334,05/06/2020,New Jersey,US,2021-04-02 15:13:53,131928.0,8549.0,0.0
22660,05/07/2020,New Jersey,US,2021-04-02 15:13:53,134037.0,8807.0,0.0
22986,05/08/2020,New Jersey,US,2021-04-02 15:13:53,135899.0,8960.0,0.0
23312,05/09/2020,New Jersey,US,2021-04-02 15:13:53,137464.0,9116.0,0.0
23638,05/10/2020,New Jersey,US,2021-04-02 15:13:53,138823.0,9256.0,0.0
23964,05/11/2020,New Jersey,US,2021-04-02 15:13:53,140289.0,9340.0,0.0
24290,05/12/2020,New Jersey,US,2021-04-02 15:13:53,141016.0,9531.0,0.0
24617,05/13/2020,New Jersey,US,2021-04-02 15:13:53,141673.0,9714.0,0.0
24978,05/14/2020,New Jersey,US,2021-04-02 15:13:53,142834.0,9946.0,0.0
25358,05/15/2020,New Jersey,US,2021-04-02 15:13:53,144124.0,10148.0,0.0
25738,05/16/2020,New Jersey,US,2021-04-02 15:13:53,145233.0,10261.0,0.0
26118,05/17/2020,New Jersey,US,2021-04-02 15:13:53,146653.0,10363.0,0.0
26498,05/18/2020,New Jersey,US,2021-04-02 15:13:53,148401.0,10439.0,0.0
26878,05/19/2020,New Jersey,US,2021-04-02 15:13:53,149533.0,10587.0,0.0
27299,05/20/2020,New Jersey,US,2021-04-02 15:13:53,150976.0,10749.0,0.0
27754,05/21/2020,New Jersey,US,2021-04-02 15:13:53,151802.0,10846.0,0.0
28209,05/22/2020,New Jersey,US,2021-04-02 15:13:53,152818.0,10985.0,0.0
28664,05/23/2020,New Jersey,US,2021-04-02 15:13:53,153383.0,11082.0,0.0
29119,05/24/2020,New Jersey,US,2021-04-02 15:13:53,154402.0,11138.0,0.0
29574,05/25/2020,New Jersey,US,2021-04-02 15:13:53,155343.0,11147.0,0.0
30029,05/26/2020,New Jersey,US,2021-04-02 15:13:53,156030.0,11194.0,0.0
30484,05/27/2020,New Jersey,US,2021-04-02 15:13:53,156909.0,11339.0,0.0
31001,05/28/2020,New Jersey,US,2021-04-02 15:13:53,157485.0,11409.0,0.0
31558,05/29/2020,New Jersey,US,2021-04-02 15:13:53,159152.0,11531.0,0.0
32115,05/30/2020,New Jersey,US,2021-04-02 15:13:53,159922.0,11634.0,0.0
32673,05/31/2020,New Jersey,US,2021-04-02 15:13:53,160760.0,11698.0,0.0
33291,06/01/2020,New Jersey,US,2021-04-02 15:13:53,161246.0,11723.0,0.0
33957,06/02/2020,New Jersey,US,2021-04-02 15:13:53,161904.0,11771.0,0.0
34624,06/03/2020,New Jersey,US,2021-04-02 15:13:53,162445.0,11880.0,0.0
35291,06/04/2020,New Jersey,US,2021-04-02 15:13:53,162923.0,11970.0,0.0
35966,06/05/2020,New Jersey,US,2021-04-02 15:13:53,163748.0,12049.0,0.0
36653,06/06/2020,New Jersey,US,2021-04-02 15:13:53,164314.0,12106.0,0.0
37340,06/07/2020,New Jersey,US,2021-04-02 15:13:53,164593.0,12176.0,0.0
38028,06/08/2020,New Jersey,US,2021-04-02 15:13:53,164941.0,12214.0,0.0
38715,06/09/2020,New Jersey,US,2021-04-02 15:13:53,165257.0,12303.0,0.0
39429,06/10/2020,New Jersey,US,2021-04-02 15:13:53,165823.0,12377.0,0.0
40157,06/11/2020,New Jersey,US,2021-04-02 15:13:53,166318.0,12443.0,0.0
40889,06/12/2020,New Jersey,US,2021-04-02 15:13:53,166685.0,12489.0,0.0
41621,06/13/2020,New Jersey,US,2021-04-02 15:13:53,167141.0,12621.0,0.0
42353,06/14/2020,New Jersey,US,2021-04-02 15:13:53,167425.0,12659.0,0.0
43085,06/15/2020,New Jersey,US,2021-04-02 15:13:53,167669.0,12708.0,0.0
43817,06/16/2020,New Jersey,US,2021-04-02 15:13:53,168022.0,12792.0,0.0
44549,06/17/2020,New Jersey,US,2021-04-02 15:13:53,168323.0,12835.0,0.0
45281,06/18/2020,New Jersey,US,2021-04-02 15:13:53,168748.0,12869.0,0.0
46013,06/19/2020,New Jersey,US,2021-04-02 15:13:53,169167.0,12902.0,0.0
46745,06/20/2020,New Jersey,US,2021-04-02 15:13:53,169522.0,12924.0,0.0
47477,06/21/2020,New Jersey,US,2021-04-02 15:13:53,169843.0,12939.0,0.0
48209,06/22/2020,New Jersey,US,2021-04-02 15:13:53,170148.0,12974.0,0.0
48941,06/23/2020,New Jersey,US,2021-04-02 15:13:53,170506.0,13025.0,0.0
49673,06/24/2020,New Jersey,US,2021-04-02 15:13:53,170683.0,13076.0,0.0
50405,06/25/2020,New Jersey,US,2021-04-02 15:13:53,171018.0,14872.0,0.0
51137,06/26/2020,New Jersey,US,2021-04-02 15:13:53,171430.0,14914.0,0.0
51869,06/27/2020,New Jersey,US,2021-04-02 15:13:53,171741.0,14948.0,0.0
52601,06/28/2020,New Jersey,US,2021-04-02 15:13:53,172066.0,14975.0,0.0
53333,06/29/2020,New Jersey,US,2021-04-02 15:13:53,172199.0,14992.0,0.0
54065,06/30/2020,New Jersey,US,2021-04-02 15:13:53,172633.0,15035.0,0.0
54797,07/01/2020,New Jersey,US,2021-04-02 15:13:53,172934.0,15078.0,0.0
55529,07/02/2020,New Jersey,US,2021-04-02 15:13:53,173411.0,15107.0,0.0
56261,07/03/2020,New Jersey,US,2021-04-02 15:13:53,173829.0,15164.0,0.0
56993,07/04/2020,New Jersey,US,2021-04-02 15:13:53,174132.0,15189.0,0.0
57725,07/05/2020,New Jersey,US,2021-04-02 15:13:53,174524.0,15211.0,0.0
58457,07/06/2020,New Jersey,US,2021-04-02 15:13:53,174766.0,15229.0,0.0
59189,07/07/2020,New Jersey,US,2021-04-02 15:13:53,175089.0,15281.0,0.0
59921,07/08/2020,New Jersey,US,2021-04-02 15:13:53,175288.0,15332.0,0.0
60653,07/09/2020,New Jersey,US,2021-04-02 15:13:53,175567.0,15448.0,0.0
61385,07/10/2020,New Jersey,US,2021-04-02 15:13:53,175964.0,15479.0,0.0
62117,07/11/2020,New Jersey,US,2021-04-02 15:13:53,176332.0,15525.0,0.0
62849,07/12/2020,New Jersey,US,2021-04-02 15:13:53,176708.0,15525.0,0.0
63581,07/13/2020,New Jersey,US,2021-04-02 15:13:53,176995.0,15560.0,0.0
64313,07/14/2020,New Jersey,US,2021-04-02 15:13:53,177450.0,15582.0,0.0
65045,07/15/2020,New Jersey,US,2021-04-02 15:13:53,177863.0,15634.0,0.0
65777,07/16/2020,New Jersey,US,2021-04-02 15:13:53,178137.0,15665.0,0.0
66514,07/17/2020,New Jersey,US,2021-04-02 15:13:53,178234.0,15684.0,0.0
67259,07/18/2020,New Jersey,US,2021-04-02 15:13:53,178523.0,15699.0,0.0
68004,07/19/2020,New Jersey,US,2021-04-02 15:13:53,178515.0,15706.0,0.0
68749,07/20/2020,New Jersey,US,2021-04-02 15:13:53,178755.0,15715.0,0.0
69494,07/21/2020,New Jersey,US,2021-04-02 15:13:53,179106.0,15737.0,0.0
70239,07/22/2020,New Jersey,US,2021-04-02 15:13:53,179549.0,15707.0,0.0
70984,07/23/2020,New Jersey,US,2021-04-02 15:13:53,179834.0,15730.0,0.0
71729,07/24/2020,New Jersey,US,2021-04-02 15:13:53,180332.0,15765.0,0.0
72474,07/25/2020,New Jersey,US,2021-04-02 15:13:53,180881.0,15776.0,0.0
73219,07/26/2020,New Jersey,US,2021-04-02 15:13:53,181415.0,15787.0,0.0
73964,07/27/2020,New Jersey,US,2021-04-02 15:13:53,181910.0,15804.0,0.0
74710,07/28/2020,New Jersey,US,2021-04-02 15:13:53,182457.0,15825.0,0.0
75456,07/29/2020,New Jersey,US,2021-04-02 15:13:53,182797.0,15798.0,0.0
76202,07/30/2020,New Jersey,US,2021-04-02 15:13:53,183205.0,15809.0,0.0
76948,07/31/2020,New Jersey,US,2021-04-02 15:13:53,183953.0,15819.0,0.0
77694,08/01/2020,New Jersey,US,2021-04-02 15:13:53,184358.0,15830.0,0.0
78440,08/02/2020,New Jersey,US,2021-04-02 15:13:53,184709.0,15836.0,0.0
79186,08/03/2020,New Jersey,US,2021-04-02 15:13:53,185017.0,15846.0,0.0
79932,08/04/2020,New Jersey,US,2021-04-02 15:13:53,185410.0,15857.0,0.0
80678,08/05/2020,New Jersey,US,2021-04-02 15:13:53,185810.0,15842.0,0.0
81424,08/06/2020,New Jersey,US,2021-04-02 15:13:53,186233.0,15849.0,0.0
82170,08/07/2020,New Jersey,US,2021-04-02 15:13:53,186640.0,15849.0,0.0
82916,08/08/2020,New Jersey,US,2021-04-02 15:13:53,187033.0,15869.0,0.0
83662,08/09/2020,New Jersey,US,2021-04-02 15:13:53,187399.0,15874.0,0.0
84408,08/10/2020,New Jersey,US,2021-04-02 15:13:53,187705.0,15878.0,0.0
85154,08/11/2020,New Jersey,US,2021-04-02 15:13:53,188184.0,15890.0,0.0
85899,08/12/2020,New Jersey,US,2021-04-02 15:13:53,188703.0,15885.0,0.0
86644,08/13/2020,New Jersey,US,2021-04-02 15:13:53,189397.0,15893.0,0.0
87389,08/14/2020,New Jersey,US,2021-04-02 15:13:53,190016.0,15903.0,0.0
88134,08/15/2020,New Jersey,US,2021-04-02 15:13:53,190332.0,15910.0,0.0
88879,08/16/2020,New Jersey,US,2021-04-02 15:13:53,190372.0,15912.0,0.0
89624,08/17/2020,New Jersey,US,2021-04-02 15:13:53,190732.0,15916.0,0.0
90369,08/18/2020,New Jersey,US,2021-04-02 15:13:53,191113.0,15925.0,0.0
91114,08/19/2020,New Jersey,US,2021-04-02 15:13:53,191483.0,15926.0,0.0
91859,08/20/2020,New Jersey,US,2021-04-02 15:13:53,191624.0,15932.0,0.0
92604,08/21/2020,New Jersey,US,2021-04-02 15:13:53,191955.0,15941.0,0.0
93349,08/22/2020,New Jersey,US,2021-04-02 15:13:53,192510.0,15943.0,0.0
94094,08/23/2020,New Jersey,US,2021-04-02 15:13:53,192691.0,15946.0,0.0
94839,08/24/2020,New Jersey,US,2021-04-02 15:13:53,192970.0,15946.0,0.0
95584,08/25/2020,New Jersey,US,2021-04-02 15:13:53,193315.0,15953.0,0.0
96329,08/26/2020,New Jersey,US,2021-04-02 15:13:53,193652.0,15914.0,0.0
97074,08/27/2020,New Jersey,US,2021-04-02 15:13:53,194002.0,15921.0,0.0
97819,08/28/2020,New Jersey,US,2021-04-02 15:13:53,194407.0,15930.0,0.0
98564,08/29/2020,New Jersey,US,2021-04-02 15:13:53,194782.0,15933.0,0.0
99309,08/30/2020,New Jersey,US,2021-04-02 15:13:53,195098.0,15937.0,0.0
100054,08/31/2020,New Jersey,US,2021-04-02 15:13:53,195500.0,15945.0,0.0
100799,09/01/2020,New Jersey,US,2021-04-02 15:13:53,195879.0,15950.0,0.0
101544,09/02/2020,New Jersey,US,2021-04-02 15:13:53,196225.0,15964.0,0.0
102289,09/03/2020,New Jersey,US,2021-04-02 15:13:53,196651.0,15971.0,0.0
103034,09/04/2020,New Jersey,US,2021-04-02 15:13:53,197163.0,15978.0,0.0
103779,09/05/2020,New Jersey,US,2021-04-02 15:13:53,197531.0,15985.0,0.0
104524,09/06/2020,New Jersey,US,2021-04-02 15:13:53,197871.0,15989.0,0.0
105269,09/07/2020,New Jersey,US,2021-04-02 15:13:53,198237.0,15991.0,0.0
106014,09/08/2020,New Jersey,US,2021-04-02 15:13:53,198588.0,15996.0,0.0
106759,09/09/2020,New Jersey,US,2021-04-02 15:13:53,198984.0,16008.0,0.0
107504,09/10/2020,New Jersey,US,2021-04-02 15:13:53,199455.0,16014.0,0.0
108249,09/11/2020,New Jersey,US,2021-04-02 15:13:53,199985.0,16023.0,0.0
108994,09/12/2020,New Jersey,US,2021-04-02 15:13:53,200464.0,16027.0,0.0
109739,09/13/2020,New Jersey,US,2021-04-02 15:13:53,200795.0,16031.0,0.0
110484,09/14/2020,New Jersey,US,2021-04-02 15:13:53,201183.0,16034.0,0.0
111229,09/15/2020,New Jersey,US,2021-04-02 15:13:53,201675.0,16043.0,0.0
111974,09/16/2020,New Jersey,US,2021-04-02 15:13:53,202129.0,16054.0,0.0
112719,09/17/2020,New Jersey,US,2021-04-02 15:13:53,202762.0,16057.0,0.0
113464,09/18/2020,New Jersey,US,2021-04-02 15:13:53,203302.0,16061.0,0.0
114209,09/19/2020,New Jersey,US,2021-04-02 15:13:53,203798.0,16064.0,0.0
114954,09/20/2020,New Jersey,US,2021-04-02 15:13:53,204291.0,16067.0,0.0
115699,09/21/2020,New Jersey,US,2021-04-02 15:13:53,204770.0,16069.0,0.0
116445,09/22/2020,New Jersey,US,2021-04-02 15:13:53,205279.0,16076.0,0.0
117191,09/23/2020,New Jersey,US,2021-04-02 15:13:53,205771.0,16082.0,0.0
117937,09/24/2020,New Jersey,US,2021-04-02 15:13:53,206076.0,16091.0,0.0
118683,09/25/2020,New Jersey,US,2021-04-02 15:13:53,207038.0,16097.0,0.0
119429,09/26/2020,New Jersey,US,2021-04-02 15:13:53,207854.0,16103.0,0.0
120175,09/27/2020,New Jersey,US,2021-04-02 15:13:53,208617.0,16106.0,0.0
120921,09/28/2020,New Jersey,US,2021-04-02 15:13:53,209278.0,16107.0,0.0
121667,09/29/2020,New Jersey,US,2021-04-02 15:13:53,209848.0,16117.0,0.0
122413,09/30/2020,New Jersey,US,2021-04-02 15:13:53,210661.0,16122.0,0.0
123159,10/01/2020,New Jersey,US,2021-04-02 15:13:53,211378.0,16140.0,0.0
123905,10/02/2020,New Jersey,US,2021-04-02 15:13:53,212213.0,16131.0,0.0
124651,10/03/2020,New Jersey,US,2021-04-02 15:13:53,213239.0,16135.0,0.0
125397,10/04/2020,New Jersey,US,2021-04-02 15:13:53,213934.0,16136.0,0.0
126143,10/05/2020,New Jersey,US,2021-04-02 15:13:53,214540.0,16138.0,0.0
126889,10/06/2020,New Jersey,US,2021-04-02 15:13:53,215282.0,16147.0,0.0
127635,10/07/2020,New Jersey,US,2021-04-02 15:13:53,215907.0,16152.0,0.0
128381,10/08/2020,New Jersey,US,2021-04-02 15:13:53,217322.0,16161.0,0.0
129127,10/09/2020,New Jersey,US,2021-04-02 15:13:53,218312.0,16164.0,0.0
129873,10/10/2020,New Jersey,US,2021-04-02 15:13:53,219274.0,16171.0,0.0
130619,10/11/2020,New Jersey,US,2021-04-02 15:13:53,220111.0,16174.0,0.0
131366,10/12/2020,New Jersey,US,2021-04-02 15:13:53,220744.0,16175.0,0.0
132113,10/13/2020,New Jersey,US,2021-04-02 15:13:53,221935.0,16182.0,0.0
132860,10/14/2020,New Jersey,US,2021-04-02 15:13:53,223083.0,16191.0,0.0
133607,10/15/2020,New Jersey,US,2021-04-02 15:13:53,224246.0,16197.0,0.0
134354,10/16/2020,New Jersey,US,2021-04-02 15:13:53,225290.0,16202.0,0.0
135101,10/17/2020,New Jersey,US,2021-04-02 15:13:53,226378.0,16204.0,0.0
135848,10/18/2020,New Jersey,US,2021-04-02 15:13:53,227470.0,16211.0,0.0
136595,10/19/2020,New Jersey,US,2021-04-02 15:13:53,229277.0,16214.0,0.0
137342,10/20/2020,New Jersey,US,2021-04-02 15:13:53,230543.0,16227.0,0.0
138089,10/21/2020,New Jersey,US,2021-04-02 15:13:53,231862.0,16245.0,0.0
138836,10/22/2020,New Jersey,US,2021-04-02 15:13:53,233296.0,16263.0,0.0
139583,10/23/2020,New Jersey,US,2021-04-02 15:13:53,234640.0,16273.0,0.0
140330,10/24/2020,New Jersey,US,2021-04-02 15:13:53,236829.0,16281.0,0.0
141077,10/25/2020,New Jersey,US,2021-04-02 15:13:53,238243.0,16285.0,0.0
141824,10/26/2020,New Jersey,US,2021-04-02 15:13:53,239900.0,16292.0,0.0
142571,10/27/2020,New Jersey,US,2021-04-02 15:13:53,241901.0,16306.0,0.0
143319,10/28/2020,New Jersey,US,2021-04-02 15:13:53,243995.0,16324.0,0.0
144067,10/29/2020,New Jersey,US,2021-04-02 15:13:53,245970.0,16332.0,0.0
144815,10/30/2020,New Jersey,US,2021-04-02 15:13:53,248338.0,16339.0,0.0
145563,10/31/2020,New Jersey,US,2021-04-02 15:13:53,250090.0,16350.0,0.0
146311,11/01/2020,New Jersey,US,2021-04-02 15:13:53,252263.0,16354.0,0.0
147059,11/02/2020,New Jersey,US,2021-04-02 15:13:53,254211.0,16357.0,0.0
147807,11/03/2020,New Jersey,US,2021-04-02 15:13:53,256657.0,16371.0,0.0
148555,11/04/2020,New Jersey,US,2021-04-02 15:13:53,259709.0,16391.0,0.0
149303,11/05/2020,New Jersey,US,2021-04-02 15:13:53,262290.0,16403.0,0.0
150051,11/06/2020,New Jersey,US,2021-04-02 15:13:53,265051.0,16416.0,0.0
150799,11/07/2020,New Jersey,US,2021-04-02 15:13:53,268738.0,16425.0,0.0
151547,11/08/2020,New Jersey,US,2021-04-02 15:13:53,271246.0,16429.0,0.0
152295,11/09/2020,New Jersey,US,2021-04-02 15:13:53,273968.0,16440.0,0.0
153044,11/10/2020,New Jersey,US,2021-04-02 15:13:53,278419.0,16461.0,0.0
153793,11/11/2020,New Jersey,US,2021-04-02 15:13:53,282233.0,16476.0,0.0
154550,11/12/2020,New Jersey,US,2021-04-02 15:13:53,286354.0,16495.0,0.0
155311,11/13/2020,New Jersey,US,2021-04-02 15:13:53,290377.0,16522.0,0.0
156072,11/14/2020,New Jersey,US,2021-04-02 15:13:53,295230.0,16548.0,0.0
156833,11/15/2020,New Jersey,US,2021-04-02 15:13:53,300283.0,16566.0,0.0
157594,11/16/2020,New Jersey,US,2021-04-02 15:13:53,303215.0,16580.0,0.0
158355,11/17/2020,New Jersey,US,2021-04-02 15:13:53,307958.0,16618.0,0.0
159116,11/18/2020,New Jersey,US,2021-04-02 15:13:53,312701.0,16655.0,0.0
159877,11/19/2020,New Jersey,US,2021-04-02 15:13:53,317589.0,16689.0,0.0
160638,11/20/2020,New Jersey,US,2021-04-02 15:13:53,321821.0,16712.0,0.0
161399,11/21/2020,New Jersey,US,2021-04-02 15:13:53,326964.0,16746.0,0.0
162160,11/22/2020,New Jersey,US,2021-04-02 15:13:53,331394.0,16761.0,0.0
162921,11/23/2020,New Jersey,US,2021-04-02 15:13:53,335675.0,16772.0,0.0
163682,11/24/2020,New Jersey,US,2021-04-02 15:13:53,340671.0,16819.0,0.0
164444,11/25/2020,New Jersey,US,2021-04-02 15:13:53,345398.0,16886.0,0.0
165206,11/26/2020,New Jersey,US,2021-04-02 15:13:53,350285.0,16925.0,0.0
165968,11/27/2020,New Jersey,US,2021-04-02 15:13:53,355116.0,16942.0,0.0
166730,11/28/2020,New Jersey,US,2021-04-02 15:13:53,358855.0,16965.0,0.0
167492,11/29/2020,New Jersey,US,2021-04-02 15:13:53,364047.0,16978.0,0.0
168254,11/30/2020,New Jersey,US,2021-04-02 15:13:53,368086.0,16993.0,0.0
169016,12/01/2020,New Jersey,US,2021-04-02 15:13:53,373556.0,17083.0,0.0
169778,12/02/2020,New Jersey,US,2021-04-02 15:13:53,378624.0,17145.0,0.0
170540,12/03/2020,New Jersey,US,2021-04-02 15:13:53,384193.0,17209.0,0.0
171302,12/04/2020,New Jersey,US,2021-04-02 15:13:53,390586.0,17255.0,0.0
172064,12/05/2020,New Jersey,US,2021-04-02 15:13:53,396519.0,17306.0,0.0
172826,12/06/2020,New Jersey,US,2021-04-02 15:13:53,403128.0,17321.0,0.0
173588,12/07/2020,New Jersey,US,2021-04-02 15:13:53,407569.0,17336.0,0.0
174350,12/08/2020,New Jersey,US,2021-04-02 15:13:53,413745.0,17426.0,0.0
175112,12/09/2020,New Jersey,US,2021-04-02 15:13:53,418861.0,17542.0,0.0
175874,12/10/2020,New Jersey,US,2021-04-02 15:13:53,424679.0,17608.0,0.0
176636,12/11/2020,New Jersey,US,2021-04-02 15:13:53,428977.0,17662.0,0.0
177398,12/12/2020,New Jersey,US,2021-04-02 15:13:53,435771.0,17732.0,0.0
178160,12/13/2020,New Jersey,US,2021-04-02 15:13:53,440464.0,17751.0,0.0
178922,12/14/2020,New Jersey,US,2021-04-02 15:13:53,446000.0,17775.0,0.0
179684,12/15/2020,New Jersey,US,2021-04-02 15:13:53,450614.0,17872.0,0.0
180446,12/16/2020,New Jersey,US,2021-04-02 15:13:53,456938.0,18003.0,0.0
181208,12/17/2020,New Jersey,US,2021-04-02 15:13:53,461744.0,18080.0,0.0
181970,12/18/2020,New Jersey,US,2021-04-02 15:13:53,466320.0,18124.0,0.0
182732,12/19/2020,New Jersey,US,2021-04-02 15:13:53,471084.0,18173.0,0.0
183494,12/20/2020,New Jersey,US,2021-04-02 15:13:53,476776.0,18194.0,0.0
184256,12/21/2020,New Jersey,US,2021-04-02 15:13:53,480661.0,18223.0,0.0
185018,12/22/2020,New Jersey,US,2021-04-02 15:13:53,485914.0,18326.0,0.0
185780,12/23/2020,New Jersey,US,2021-04-02 15:13:53,491341.0,18466.0,0.0
186542,12/24/2020,New Jersey,US,2021-04-02 15:13:53,496638.0,18544.0,0.0
187304,12/25/2020,New Jersey,US,2021-04-02 15:13:53,502069.0,18595.0,0.0
188066,12/26/2020,New Jersey,US,2021-04-02 15:13:53,506724.0,18613.0,0.0
188828,12/27/2020,New Jersey,US,2021-04-02 15:13:53,509765.0,18630.0,0.0
189590,12/28/2020,New Jersey,US,2021-04-02 15:13:53,513429.0,18651.0,0.0
190352,12/29/2020,New Jersey,US,2021-04-02 15:13:53,517845.0,18777.0,0.0
191114,12/30/2020,New Jersey,US,2021-04-02 15:13:53,523295.0,18952.0,0.0
191876,12/31/2020,New Jersey,US,2021-04-02 15:13:53,529027.0,19042.0,0.0
