9348,03/27/2020,,Switzerland,2020-03-27 23:27:48,12928.0,231.0,1530.0
9660,03/28/2020,,Switzerland,3/8/20 5:31,14076.0,264.0,1530.0
18265,04/24/2020,,Japan,2020-04-25 06:31:19,12829.0,345.0,1530.0
34239,06/03/2020,,Ivory Coast,2021-04-02 15:13:53,3110.0,35.0,1530.0
40381,06/11/2020,Yaroslavl Oblast,Russia,2021-04-02 15:13:53,3903.0,15.0,1530.0
57427,07/05/2020,Arica y Parinacota,Chile,2021-04-02 15:13:53,2006.0,22.0,1530.0
67638,07/19/2020,,Slovakia,2021-04-02 15:13:53,1979.0,28.0,1530.0
165181,11/26/2020,Molise,Italy,2021-04-02 15:13:53,4285.0,103.0,1530.0
195499,01/05/2021,Gibraltar,UK,2021-04-02 15:13:53,2626.0,10.0,1530.0
211248,01/26/2021,,Eritrea,2021-04-02 15:13:53,1970.0,7.0,1530.0
225820,02/14/2021,,Monaco,2021-04-02 15:13:53,1760.0,21.0,1530.0
233894,02/24/2021,Nova Scotia,Canada,2021-04-02 15:13:53,1616.0,65.0,1530.0
251860,03/20/2021,,Yemen,2021-04-02 15:13:53,3278.0,737.0,1530.0
284015,05/01/2021,"Bonaire, Sint Eustatius and Saba",Netherlands,2021-05-02 04:20:48,1559.0,16.0,1530.0
284779,05/02/2021,"Bonaire, Sint Eustatius and Saba",Netherlands,2021-05-03 04:20:39,1559.0,16.0,1530.0
100334,09/01/2020,,Denmark,2021-04-02 15:13:53,17084.0,625.0,15300.0
158653,11/18/2020,,Finland,2021-04-02 15:13:53,19935.0,374.0,15300.0
159414,11/19/2020,,Finland,2021-04-02 15:13:53,20286.0,374.0,15300.0
160175,11/20/2020,,Finland,2021-04-02 15:13:53,20747.0,375.0,15300.0
160936,11/21/2020,,Finland,2021-04-02 15:13:53,21216.0,375.0,15300.0
161697,11/22/2020,,Finland,2021-04-02 15:13:53,21639.0,375.0,15300.0
162458,11/23/2020,,Finland,2021-04-02 15:13:53,21936.0,384.0,15300.0
163219,11/24/2020,,Finland,2021-04-02 15:13:53,22289.0,384.0,15300.0
280953,04/27/2021,Berlin,Germany,2021-04-28 04:20:32,166059.0,3201.0,153000.0
275556,04/20/2021,Alberta,Canada,2021-04-21 04:21:14,173531.0,2048.0,153002.0
276320,04/21/2021,Alberta,Canada,2021-04-22 04:20:53,175230.0,2048.0,153002.0
108814,09/12/2020,Goias,Brazil,2021-04-02 15:13:53,162554.0,3783.0,153003.0
109559,09/13/2020,Goias,Brazil,2021-04-02 15:13:53,163098.0,3800.0,153003.0
93665,08/23/2020,,Ivory Coast,2021-04-02 15:13:53,17471.0,113.0,15301.0
122002,09/30/2020,,Madagascar,2021-04-02 15:13:53,16408.0,230.0,15301.0
221299,02/08/2021,,West Bank and Gaza,2021-04-02 15:13:53,163213.0,1888.0,153019.0
214618,01/30/2021,Hokkaido,Japan,2021-04-02 15:13:53,17334.0,597.0,15302.0
215382,01/31/2021,Hokkaido,Japan,2021-04-02 15:13:53,17438.0,602.0,15302.0
204413,01/17/2021,,Lebanon,2021-04-02 15:13:53,252812.0,1906.0,153038.0
245702,03/12/2021,,Poland,2021-04-02 15:13:53,1868297.0,46724.0,1530484.0
107594,09/10/2020,Rostov Oblast,Russia,2021-04-02 15:13:53,18391.0,389.0,15305.0
146476,11/01/2020,Toscana,Italy,2021-04-02 15:13:53,46642.0,1363.0,15305.0
210536,01/25/2021,,Mauritania,2021-04-02 15:13:53,16421.0,417.0,15305.0
225898,02/14/2021,Altai Republic,Russia,2021-04-02 15:13:53,15913.0,142.0,15306.0
215818,02/01/2021,,Costa Rica,2021-04-02 15:13:53,194569.0,2634.0,153063.0
264845,04/06/2021,,Venezuela,2021-04-07 04:20:53,169074.0,1693.0,153063.0
205098,01/18/2021,,Armenia,2021-04-02 15:13:53,164676.0,2998.0,153064.0
85563,08/12/2020,Acre,Brazil,2021-04-02 15:13:53,21993.0,569.0,15307.0
86308,08/13/2020,Acre,Brazil,2021-04-02 15:13:53,22242.0,574.0,15307.0
87053,08/14/2020,Acre,Brazil,2021-04-02 15:13:53,22435.0,576.0,15307.0
215994,02/01/2021,Astrakhan Oblast,Russia,2021-04-02 15:13:53,24630.0,486.0,15307.0
276068,04/20/2021,Tyva Republic,Russia,2021-04-21 04:21:14,15792.0,200.0,15307.0
284614,05/02/2021,,Indonesia,2021-05-03 04:20:39,1677274.0,45796.0,1530718.0
171775,12/05/2020,Belgorod Oblast,Russia,2021-04-02 15:13:53,17083.0,90.0,15308.0
230796,02/20/2021,Mordovia Republic,Russia,2021-04-02 15:13:53,17391.0,154.0,15308.0
85406,08/12/2020,,Bangladesh,2021-04-02 15:13:53,266498.0,3513.0,153089.0
134815,10/17/2020,Balochistan,Pakistan,2021-04-02 15:13:53,15669.0,147.0,15309.0
164585,11/25/2020,Sucre,Colombia,2021-04-02 15:13:53,16369.0,642.0,15309.0
215519,01/31/2021,Moscow Oblast,Russia,2021-04-02 15:13:53,192742.0,3764.0,153099.0
49347,06/24/2020,Aguascalientes,Mexico,2021-04-02 15:13:53,2035.0,119.0,1531.0
85504,08/12/2020,,New Zealand,2021-04-02 15:13:53,1589.0,22.0,1531.0
86249,08/13/2020,,New Zealand,2021-04-02 15:13:53,1602.0,22.0,1531.0
86994,08/14/2020,,New Zealand,2021-04-02 15:13:53,1609.0,22.0,1531.0
87739,08/15/2020,,New Zealand,2021-04-02 15:13:53,1622.0,22.0,1531.0
88484,08/16/2020,,New Zealand,2021-04-02 15:13:53,1631.0,22.0,1531.0
89229,08/17/2020,,New Zealand,2021-04-02 15:13:53,1643.0,22.0,1531.0
89974,08/18/2020,,New Zealand,2021-04-02 15:13:53,1649.0,22.0,1531.0
90719,08/19/2020,,New Zealand,2021-04-02 15:13:53,1654.0,22.0,1531.0
90745,08/19/2020,,Sierra Leone,2021-04-02 15:13:53,1961.0,69.0,1531.0
135497,10/18/2020,,Togo,2021-04-02 15:13:53,2057.0,51.0,1531.0
178220,12/13/2020,Port Quarantine,Japan,2021-04-02 15:13:53,1685.0,1.0,1531.0
268250,04/10/2021,New Brunswick,Canada,2021-04-11 04:20:56,1713.0,33.0,1531.0
126407,10/06/2020,,Bulgaria,2021-04-02 15:13:53,22306.0,862.0,15310.0
169880,12/02/2020,Sakha (Yakutiya) Republic,Russia,2021-04-02 15:13:53,20487.0,309.0,15310.0
157524,11/16/2020,Lombardia,Italy,2021-04-02 15:13:53,324908.0,19466.0,153103.0
168683,12/01/2020,Amazonas,Brazil,2021-04-02 15:13:53,179265.0,4896.0,153109.0
67944,07/19/2020,Madhya Pradesh,India,2021-04-02 15:13:53,22600.0,721.0,15311.0
119659,09/26/2020,Yucatan,Mexico,2021-04-02 15:13:53,17939.0,1566.0,15311.0
208180,01/22/2021,,Cuba,2021-04-02 15:13:53,20060.0,188.0,15311.0
141017,10/25/2020,Madhya Pradesh,India,2021-04-02 15:13:53,167249.0,2885.0,153127.0
147753,11/03/2020,Maharashtra,India,2021-04-02 15:13:53,1692693.0,44248.0,1531277.0
198089,01/08/2021,Sardegna,Italy,2021-04-02 15:13:53,33188.0,810.0,15313.0
248839,03/16/2021,Arica y Parinacota,Chile,2021-04-02 15:13:53,16192.0,329.0,15313.0
206473,01/19/2021,Sakhalin Oblast,Russia,2021-04-02 15:13:53,18345.0,21.0,15314.0
143457,10/28/2020,Stavropol Krai,Russia,2021-04-02 15:13:53,20698.0,415.0,15315.0
152229,11/09/2020,Los Lagos,Chile,2021-04-02 15:13:53,16736.0,145.0,15315.0
122326,09/30/2020,Krasnoyarsk Krai,Russia,2021-04-02 15:13:53,20001.0,551.0,15316.0
44905,06/18/2020,,Poland,2021-04-02 15:13:53,31015.0,1316.0,15317.0
150426,11/07/2020,,Senegal,2021-04-02 15:13:53,15693.0,326.0,15317.0
159768,11/19/2020,Kemerovo Oblast,Russia,2021-04-02 15:13:53,18841.0,329.0,15317.0
161908,11/22/2020,Chandigarh,India,2021-04-02 15:13:53,16671.0,260.0,15317.0
190499,12/29/2020,Tambov Oblast,Russia,2021-04-02 15:13:53,17333.0,180.0,15317.0
232369,02/22/2021,Nuble,Chile,2021-04-02 15:13:53,16349.0,316.0,15317.0
259101,03/29/2021,North Ossetia - Alania Republic,Russia,2021-04-02 15:13:53,16306.0,161.0,15317.0
257849,03/28/2021,,Egypt,2021-04-02 15:13:53,200050.0,11882.0,153175.0
190233,12/29/2020,Kaliningrad Oblast,Russia,2021-04-02 15:13:53,17346.0,165.0,15318.0
276832,04/21/2021,Tyva Republic,Russia,2021-04-22 04:20:53,15795.0,200.0,15318.0
30522,05/27/2020,Quebec,Canada,2021-04-02 15:13:53,49148.0,4959.0,15319.0
83730,08/09/2020,Punjab,India,2021-04-02 15:13:53,23903.0,586.0,15319.0
156754,11/15/2020,Lazio,Italy,2021-04-02 15:13:53,84274.0,1646.0,15319.0
175152,12/09/2020,Orel Oblast,Russia,2021-04-02 15:13:53,17469.0,217.0,15319.0
219707,02/06/2021,,Moldova,2021-04-02 15:13:53,164243.0,3530.0,153196.0
28831,05/24/2020,,Estonia,2021-04-02 15:13:53,1823.0,64.0,1532.0
48379,06/22/2020,Tyumen Oblast,Russia,2021-04-02 15:13:53,2621.0,16.0,1532.0
59090,07/07/2020,Khakassia Republic,Russia,2021-04-02 15:13:53,2109.0,18.0,1532.0
75955,07/30/2020,Cesar,Colombia,2021-04-02 15:13:53,3001.0,61.0,1532.0
101942,09/03/2020,,Uganda,2021-04-02 15:13:53,3288.0,33.0,1532.0
153625,11/11/2020,Guaviare,Colombia,2021-04-02 15:13:53,1643.0,26.0,1532.0
168530,12/01/2020,,Chad,2021-04-02 15:13:53,1700.0,102.0,1532.0
188038,12/26/2020,Miyagi,Japan,2021-04-02 15:13:53,2026.0,13.0,1532.0
210309,01/24/2021,Shanghai,Mainland China,2021-04-02 15:13:53,1644.0,7.0,1532.0
225882,02/14/2021,,Vietnam,2021-04-02 15:13:53,2228.0,35.0,1532.0
234658,02/25/2021,Nova Scotia,Canada,2021-04-02 15:13:53,1624.0,65.0,1532.0
29705,05/26/2020,,Belgium,2021-04-02 15:13:53,57455.0,9334.0,15320.0
65785,07/16/2020,Nizhny Novgorod Oblast,Russia,2021-04-02 15:13:53,20984.0,318.0,15320.0
74980,07/29/2020,,Cameroon,2021-04-02 15:13:53,17255.0,391.0,15320.0
75726,07/30/2020,,Cameroon,2021-04-02 15:13:53,17255.0,391.0,15320.0
76472,07/31/2020,,Cameroon,2021-04-02 15:13:53,17255.0,391.0,15320.0
77218,08/01/2020,,Cameroon,2021-04-02 15:13:53,17255.0,391.0,15320.0
77964,08/02/2020,,Cameroon,2021-04-02 15:13:53,17255.0,391.0,15320.0
78710,08/03/2020,,Cameroon,2021-04-02 15:13:53,17255.0,391.0,15320.0
79456,08/04/2020,,Cameroon,2021-04-02 15:13:53,17718.0,391.0,15320.0
80202,08/05/2020,,Cameroon,2021-04-02 15:13:53,17718.0,391.0,15320.0
80948,08/06/2020,,Cameroon,2021-04-02 15:13:53,17718.0,391.0,15320.0
81694,08/07/2020,,Cameroon,2021-04-02 15:13:53,17718.0,391.0,15320.0
82440,08/08/2020,,Cameroon,2021-04-02 15:13:53,18042.0,395.0,15320.0
83186,08/09/2020,,Cameroon,2021-04-02 15:13:53,18042.0,395.0,15320.0
83932,08/10/2020,,Cameroon,2021-04-02 15:13:53,18042.0,395.0,15320.0
84678,08/11/2020,,Cameroon,2021-04-02 15:13:53,18213.0,398.0,15320.0
85423,08/12/2020,,Cameroon,2021-04-02 15:13:53,18263.0,401.0,15320.0
86168,08/13/2020,,Cameroon,2021-04-02 15:13:53,18308.0,401.0,15320.0
86913,08/14/2020,,Cameroon,2021-04-02 15:13:53,18469.0,401.0,15320.0
281717,04/28/2021,Berlin,Germany,2021-04-29 04:20:55,167111.0,3210.0,153200.0
184349,12/21/2020,Saarland,Germany,2021-04-02 15:13:53,18261.0,395.0,15321.0
196213,01/06/2021,Chuvashia Republic,Russia,2021-04-02 15:13:53,16997.0,591.0,15321.0
228102,02/17/2021,,Malawi,2021-04-02 15:13:53,29634.0,976.0,15321.0
116475,09/22/2020,Odisha,India,2021-04-02 15:13:53,188311.0,721.0,153213.0
235772,02/27/2021,,Qatar,2021-04-02 15:13:53,163197.0,257.0,153219.0
77013,07/31/2020,Puebla,Mexico,2021-04-02 15:13:53,20026.0,2443.0,15322.0
166772,11/28/2020,Osaka,Japan,2021-04-02 15:13:53,19631.0,278.0,15322.0
253826,03/22/2021,Rondonia,Brazil,2021-04-02 15:13:53,176207.0,3727.0,153228.0
254590,03/23/2021,Rondonia,Brazil,2021-04-02 15:13:53,177652.0,3777.0,153228.0
255354,03/24/2021,Rondonia,Brazil,2021-04-02 15:13:53,179178.0,3831.0,153228.0
256118,03/25/2021,Rondonia,Brazil,2021-04-02 15:13:53,180348.0,3876.0,153228.0
125360,10/04/2020,Meta,Colombia,2021-04-02 15:13:53,16773.0,435.0,15323.0
166421,11/28/2020,Arunachal Pradesh,India,2021-04-02 15:13:53,16262.0,51.0,15323.0
145403,10/31/2020,Haryana,India,2021-04-02 15:13:53,167210.0,1789.0,153230.0
257091,03/27/2021,,Ethiopia,2021-04-02 15:13:53,198794.0,2784.0,153236.0
98770,08/29/2020,Victoria,Australia,2021-04-02 15:13:53,19015.0,524.0,15324.0
115043,09/20/2020,Roraima,Brazil,2021-04-02 15:13:53,48302.0,613.0,15324.0
115788,09/21/2020,Roraima,Brazil,2021-04-02 15:13:53,48302.0,613.0,15324.0
116534,09/22/2020,Roraima,Brazil,2021-04-02 15:13:53,48302.0,613.0,15324.0
117280,09/23/2020,Roraima,Brazil,2021-04-02 15:13:53,48302.0,613.0,15324.0
141005,10/25/2020,Liguria,Italy,2021-04-02 15:13:53,23051.0,1691.0,15324.0
141752,10/26/2020,Liguria,Italy,2021-04-02 15:13:53,23470.0,1704.0,15324.0
55511,07/02/2020,Moscow,Russia,2021-04-02 15:13:53,222871.0,3870.0,153248.0
277596,04/22/2021,Tyva Republic,Russia,2021-04-23 04:20:52,15797.0,200.0,15325.0
108861,09/12/2020,Islamabad,Pakistan,2021-04-02 15:13:53,15901.0,178.0,15327.0
126106,10/05/2020,Meta,Colombia,2021-04-02 15:13:53,17177.0,438.0,15327.0
233021,02/23/2021,Kurgan Oblast,Russia,2021-04-02 15:13:53,17271.0,293.0,15327.0
136807,10/19/2020,Volgograd Oblast,Russia,2021-04-02 15:13:53,17987.0,178.0,15328.0
151650,11/08/2020,Samara Oblast,Russia,2021-04-02 15:13:53,17456.0,324.0,15328.0
103784,09/05/2020,Niedersachsen,Germany,2021-04-02 15:13:53,17218.0,665.0,15329.0
269084,04/11/2021,Puglia,Italy,2021-04-12 04:21:00,210530.0,5189.0,153294.0
113931,09/19/2020,Bihar,India,2021-04-02 15:13:53,166788.0,861.0,153298.0
26394,05/18/2020,Baleares,Spain,2021-04-02 15:13:53,1993.0,218.0,1533.0
29676,05/25/2020,Victoria,Australia,2021-04-02 15:13:53,1610.0,19.0,1533.0
29895,05/26/2020,Baleares,Spain,2021-04-02 15:13:53,2111.0,209.0,1533.0
30131,05/26/2020,Victoria,Australia,2021-04-02 15:13:53,1618.0,19.0,1533.0
30350,05/27/2020,Baleares,Spain,2021-04-02 15:13:53,2111.0,209.0,1533.0
30814,05/28/2020,Baleares,Spain,2021-04-02 15:13:53,2124.0,209.0,1533.0
31370,05/29/2020,Baleares,Spain,2021-04-02 15:13:53,2129.0,209.0,1533.0
31927,05/30/2020,Baleares,Spain,2021-04-02 15:13:53,2137.0,209.0,1533.0
32485,05/31/2020,Baleares,Spain,2021-04-02 15:13:53,2141.0,209.0,1533.0
33047,06/01/2020,Baleares,Spain,2021-04-02 15:13:53,2142.0,209.0,1533.0
33714,06/02/2020,Baleares,Spain,2021-04-02 15:13:53,2150.0,209.0,1533.0
34380,06/03/2020,Baleares,Spain,2021-04-02 15:13:53,2157.0,209.0,1533.0
35047,06/04/2020,Baleares,Spain,2021-04-02 15:13:53,2164.0,209.0,1533.0
35713,06/05/2020,Baleares,Spain,2021-04-02 15:13:53,2110.0,209.0,1533.0
36400,06/06/2020,Baleares,Spain,2021-04-02 15:13:53,2118.0,209.0,1533.0
37087,06/07/2020,Baleares,Spain,2021-04-02 15:13:53,2125.0,209.0,1533.0
37774,06/08/2020,Baleares,Spain,2021-04-02 15:13:53,2133.0,209.0,1533.0
38461,06/09/2020,Baleares,Spain,2021-04-02 15:13:53,2135.0,209.0,1533.0
39151,06/10/2020,Baleares,Spain,2021-04-02 15:13:53,2137.0,209.0,1533.0
39479,06/10/2020,Perm Krai,Russia,2021-04-02 15:13:53,2360.0,30.0,1533.0
39878,06/11/2020,Baleares,Spain,2021-04-02 15:13:53,2142.0,209.0,1533.0
40610,06/12/2020,Baleares,Spain,2021-04-02 15:13:53,2146.0,209.0,1533.0
41342,06/13/2020,Baleares,Spain,2021-04-02 15:13:53,2152.0,209.0,1533.0
42074,06/14/2020,Baleares,Spain,2021-04-02 15:13:53,2154.0,209.0,1533.0
42806,06/15/2020,Baleares,Spain,2021-04-02 15:13:53,2157.0,209.0,1533.0
43538,06/16/2020,Baleares,Spain,2021-04-02 15:13:53,2163.0,209.0,1533.0
44270,06/17/2020,Baleares,Spain,2021-04-02 15:13:53,2165.0,209.0,1533.0
45002,06/18/2020,Baleares,Spain,2021-04-02 15:13:53,2167.0,209.0,1533.0
45734,06/19/2020,Baleares,Spain,2021-04-02 15:13:53,2169.0,224.0,1533.0
46466,06/20/2020,Baleares,Spain,2021-04-02 15:13:53,2174.0,224.0,1533.0
47198,06/21/2020,Baleares,Spain,2021-04-02 15:13:53,2179.0,224.0,1533.0
47930,06/22/2020,Baleares,Spain,2021-04-02 15:13:53,2187.0,224.0,1533.0
48662,06/23/2020,Baleares,Spain,2021-04-02 15:13:53,2188.0,224.0,1533.0
49394,06/24/2020,Baleares,Spain,2021-04-02 15:13:53,2189.0,224.0,1533.0
50126,06/25/2020,Baleares,Spain,2021-04-02 15:13:53,2191.0,224.0,1533.0
50858,06/26/2020,Baleares,Spain,2021-04-02 15:13:53,2194.0,224.0,1533.0
51590,06/27/2020,Baleares,Spain,2021-04-02 15:13:53,2201.0,224.0,1533.0
52322,06/28/2020,Baleares,Spain,2021-04-02 15:13:53,2205.0,224.0,1533.0
53054,06/29/2020,Baleares,Spain,2021-04-02 15:13:53,2206.0,224.0,1533.0
53070,06/29/2020,Bremen,Germany,2021-04-02 15:13:53,1665.0,53.0,1533.0
53786,06/30/2020,Baleares,Spain,2021-04-02 15:13:53,2209.0,224.0,1533.0
54518,07/01/2020,Baleares,Spain,2021-04-02 15:13:53,2216.0,224.0,1533.0
55250,07/02/2020,Baleares,Spain,2021-04-02 15:13:53,2220.0,224.0,1533.0
55982,07/03/2020,Baleares,Spain,2021-04-02 15:13:53,2228.0,224.0,1533.0
56714,07/04/2020,Baleares,Spain,2021-04-02 15:13:53,2228.0,224.0,1533.0
57446,07/05/2020,Baleares,Spain,2021-04-02 15:13:53,2228.0,224.0,1533.0
58178,07/06/2020,Baleares,Spain,2021-04-02 15:13:53,2238.0,224.0,1533.0
58910,07/07/2020,Baleares,Spain,2021-04-02 15:13:53,2239.0,224.0,1533.0
59642,07/08/2020,Baleares,Spain,2021-04-02 15:13:53,2240.0,224.0,1533.0
60374,07/09/2020,Baleares,Spain,2021-04-02 15:13:53,2246.0,224.0,1533.0
61106,07/10/2020,Baleares,Spain,2021-04-02 15:13:53,2249.0,224.0,1533.0
61838,07/11/2020,Baleares,Spain,2021-04-02 15:13:53,2249.0,224.0,1533.0
62570,07/12/2020,Baleares,Spain,2021-04-02 15:13:53,2249.0,224.0,1533.0
63302,07/13/2020,Baleares,Spain,2021-04-02 15:13:53,2270.0,224.0,1533.0
64034,07/14/2020,Baleares,Spain,2021-04-02 15:13:53,2271.0,224.0,1533.0
64766,07/15/2020,Baleares,Spain,2021-04-02 15:13:53,2271.0,224.0,1533.0
65498,07/16/2020,Baleares,Spain,2021-04-02 15:13:53,2277.0,224.0,1533.0
66229,07/17/2020,Baleares,Spain,2021-04-02 15:13:53,2290.0,224.0,1533.0
66973,07/18/2020,Baleares,Spain,2021-04-02 15:13:53,2290.0,224.0,1533.0
67718,07/19/2020,Baleares,Spain,2021-04-02 15:13:53,2290.0,224.0,1533.0
68463,07/20/2020,Baleares,Spain,2021-04-02 15:13:53,2316.0,224.0,1533.0
69208,07/21/2020,Baleares,Spain,2021-04-02 15:13:53,2321.0,224.0,1533.0
69953,07/22/2020,Baleares,Spain,2021-04-02 15:13:53,2326.0,224.0,1533.0
70698,07/23/2020,Baleares,Spain,2021-04-02 15:13:53,2331.0,224.0,1533.0
70803,07/23/2020,Gilgit-Baltistan,Pakistan,2021-04-02 15:13:53,1918.0,46.0,1533.0
71443,07/24/2020,Baleares,Spain,2021-04-02 15:13:53,2343.0,224.0,1533.0
72188,07/25/2020,Baleares,Spain,2021-04-02 15:13:53,2343.0,224.0,1533.0
72933,07/26/2020,Baleares,Spain,2021-04-02 15:13:53,2343.0,224.0,1533.0
73678,07/27/2020,Baleares,Spain,2021-04-02 15:13:53,2376.0,224.0,1533.0
74423,07/28/2020,Baleares,Spain,2021-04-02 15:13:53,2401.0,224.0,1533.0
75169,07/29/2020,Baleares,Spain,2021-04-02 15:13:53,2425.0,224.0,1533.0
75915,07/30/2020,Baleares,Spain,2021-04-02 15:13:53,2464.0,224.0,1533.0
76661,07/31/2020,Baleares,Spain,2021-04-02 15:13:53,2545.0,224.0,1533.0
77407,08/01/2020,Baleares,Spain,2021-04-02 15:13:53,2545.0,224.0,1533.0
78153,08/02/2020,Baleares,Spain,2021-04-02 15:13:53,2545.0,224.0,1533.0
78899,08/03/2020,Baleares,Spain,2021-04-02 15:13:53,2612.0,224.0,1533.0
79645,08/04/2020,Baleares,Spain,2021-04-02 15:13:53,2739.0,224.0,1533.0
80391,08/05/2020,Baleares,Spain,2021-04-02 15:13:53,2823.0,224.0,1533.0
81137,08/06/2020,Baleares,Spain,2021-04-02 15:13:53,2934.0,224.0,1533.0
81883,08/07/2020,Baleares,Spain,2021-04-02 15:13:53,3051.0,224.0,1533.0
82629,08/08/2020,Baleares,Spain,2021-04-02 15:13:53,3051.0,224.0,1533.0
83375,08/09/2020,Baleares,Spain,2021-04-02 15:13:53,3051.0,224.0,1533.0
84121,08/10/2020,Baleares,Spain,2021-04-02 15:13:53,3143.0,226.0,1533.0
84867,08/11/2020,Baleares,Spain,2021-04-02 15:13:53,3501.0,225.0,1533.0
85612,08/12/2020,Baleares,Spain,2021-04-02 15:13:53,3780.0,225.0,1533.0
86357,08/13/2020,Baleares,Spain,2021-04-02 15:13:53,4044.0,225.0,1533.0
86394,08/13/2020,Cauca,Colombia,2021-04-02 15:13:53,3013.0,105.0,1533.0
87102,08/14/2020,Baleares,Spain,2021-04-02 15:13:53,4178.0,225.0,1533.0
87847,08/15/2020,Baleares,Spain,2021-04-02 15:13:53,4178.0,225.0,1533.0
88592,08/16/2020,Baleares,Spain,2021-04-02 15:13:53,4178.0,225.0,1533.0
89337,08/17/2020,Baleares,Spain,2021-04-02 15:13:53,4448.0,225.0,1533.0
90082,08/18/2020,Baleares,Spain,2021-04-02 15:13:53,4686.0,226.0,1533.0
90827,08/19/2020,Baleares,Spain,2021-04-02 15:13:53,4906.0,227.0,1533.0
91572,08/20/2020,Baleares,Spain,2021-04-02 15:13:53,5100.0,227.0,1533.0
92317,08/21/2020,Baleares,Spain,2021-04-02 15:13:53,5342.0,228.0,1533.0
93062,08/22/2020,Baleares,Spain,2021-04-02 15:13:53,5342.0,228.0,1533.0
93807,08/23/2020,Baleares,Spain,2021-04-02 15:13:53,5342.0,228.0,1533.0
94552,08/24/2020,Baleares,Spain,2021-04-02 15:13:53,5694.0,228.0,1533.0
95297,08/25/2020,Baleares,Spain,2021-04-02 15:13:53,6603.0,229.0,1533.0
96042,08/26/2020,Baleares,Spain,2021-04-02 15:13:53,6939.0,231.0,1533.0
96787,08/27/2020,Baleares,Spain,2021-04-02 15:13:53,7465.0,231.0,1533.0
97532,08/28/2020,Baleares,Spain,2021-04-02 15:13:53,7648.0,233.0,1533.0
98277,08/29/2020,Baleares,Spain,2021-04-02 15:13:53,7648.0,233.0,1533.0
99022,08/30/2020,Baleares,Spain,2021-04-02 15:13:53,7648.0,233.0,1533.0
99767,08/31/2020,Baleares,Spain,2021-04-02 15:13:53,8164.0,234.0,1533.0
99903,08/31/2020,Hokkaido,Japan,2021-04-02 15:13:53,1770.0,103.0,1533.0
100512,09/01/2020,Baleares,Spain,2021-04-02 15:13:53,8337.0,238.0,1533.0
101257,09/02/2020,Baleares,Spain,2021-04-02 15:13:53,8663.0,238.0,1533.0
102002,09/03/2020,Baleares,Spain,2021-04-02 15:13:53,8961.0,242.0,1533.0
102747,09/04/2020,Baleares,Spain,2021-04-02 15:13:53,9191.0,243.0,1533.0
103492,09/05/2020,Baleares,Spain,2021-04-02 15:13:53,9191.0,243.0,1533.0
104237,09/06/2020,Baleares,Spain,2021-04-02 15:13:53,9191.0,243.0,1533.0
104982,09/07/2020,Baleares,Spain,2021-04-02 15:13:53,9501.0,245.0,1533.0
105727,09/08/2020,Baleares,Spain,2021-04-02 15:13:53,9809.0,249.0,1533.0
106472,09/09/2020,Baleares,Spain,2021-04-02 15:13:53,10135.0,250.0,1533.0
107217,09/10/2020,Baleares,Spain,2021-04-02 15:13:53,10412.0,253.0,1533.0
107962,09/11/2020,Baleares,Spain,2021-04-02 15:13:53,10729.0,258.0,1533.0
108427,09/11/2020,Umbria,Italy,2021-04-02 15:13:53,2009.0,81.0,1533.0
108707,09/12/2020,Baleares,Spain,2021-04-02 15:13:53,10729.0,258.0,1533.0
109452,09/13/2020,Baleares,Spain,2021-04-02 15:13:53,10729.0,258.0,1533.0
110197,09/14/2020,Baleares,Spain,2021-04-02 15:13:53,11002.0,259.0,1533.0
110942,09/15/2020,Baleares,Spain,2021-04-02 15:13:53,11278.0,264.0,1533.0
111479,09/16/2020,,Bahamas,2021-04-02 15:13:53,3087.0,69.0,1533.0
111687,09/16/2020,Baleares,Spain,2021-04-02 15:13:53,11452.0,268.0,1533.0
112432,09/17/2020,Baleares,Spain,2021-04-02 15:13:53,11737.0,269.0,1533.0
113177,09/18/2020,Baleares,Spain,2021-04-02 15:13:53,12059.0,270.0,1533.0
113922,09/19/2020,Baleares,Spain,2021-04-02 15:13:53,12059.0,270.0,1533.0
114667,09/20/2020,Baleares,Spain,2021-04-02 15:13:53,12059.0,270.0,1533.0
115412,09/21/2020,Baleares,Spain,2021-04-02 15:13:53,12636.0,277.0,1533.0
116158,09/22/2020,Baleares,Spain,2021-04-02 15:13:53,12849.0,279.0,1533.0
116904,09/23/2020,Baleares,Spain,2021-04-02 15:13:53,12989.0,285.0,1533.0
117650,09/24/2020,Baleares,Spain,2021-04-02 15:13:53,13154.0,286.0,1533.0
118396,09/25/2020,Baleares,Spain,2021-04-02 15:13:53,13309.0,287.0,1533.0
119142,09/26/2020,Baleares,Spain,2021-04-02 15:13:53,13309.0,287.0,1533.0
119888,09/27/2020,Baleares,Spain,2021-04-02 15:13:53,13309.0,287.0,1533.0
120634,09/28/2020,Baleares,Spain,2021-04-02 15:13:53,13619.0,289.0,1533.0
121380,09/29/2020,Baleares,Spain,2021-04-02 15:13:53,13619.0,289.0,1533.0
122126,09/30/2020,Baleares,Spain,2021-04-02 15:13:53,13858.0,297.0,1533.0
122872,10/01/2020,Baleares,Spain,2021-04-02 15:13:53,14005.0,299.0,1533.0
123618,10/02/2020,Baleares,Spain,2021-04-02 15:13:53,14181.0,300.0,1533.0
124364,10/03/2020,Baleares,Spain,2021-04-02 15:13:53,14181.0,300.0,1533.0
125110,10/04/2020,Baleares,Spain,2021-04-02 15:13:53,14181.0,300.0,1533.0
125856,10/05/2020,Baleares,Spain,2021-04-02 15:13:53,14478.0,304.0,1533.0
126602,10/06/2020,Baleares,Spain,2021-04-02 15:13:53,14573.0,309.0,1533.0
127348,10/07/2020,Baleares,Spain,2021-04-02 15:13:53,14717.0,310.0,1533.0
128094,10/08/2020,Baleares,Spain,2021-04-02 15:13:53,14859.0,313.0,1533.0
128840,10/09/2020,Baleares,Spain,2021-04-02 15:13:53,14975.0,316.0,1533.0
129586,10/10/2020,Baleares,Spain,2021-04-02 15:13:53,14975.0,316.0,1533.0
130332,10/11/2020,Baleares,Spain,2021-04-02 15:13:53,14975.0,316.0,1533.0
131079,10/12/2020,Baleares,Spain,2021-04-02 15:13:53,15349.0,316.0,1533.0
131826,10/13/2020,Baleares,Spain,2021-04-02 15:13:53,15454.0,316.0,1533.0
132573,10/14/2020,Baleares,Spain,2021-04-02 15:13:53,15568.0,321.0,1533.0
133320,10/15/2020,Baleares,Spain,2021-04-02 15:13:53,15697.0,325.0,1533.0
133556,10/15/2020,Manitoba,Canada,2021-04-02 15:13:53,3098.0,38.0,1533.0
134067,10/16/2020,Baleares,Spain,2021-04-02 15:13:53,15822.0,327.0,1533.0
134814,10/17/2020,Baleares,Spain,2021-04-02 15:13:53,15822.0,327.0,1533.0
135561,10/18/2020,Baleares,Spain,2021-04-02 15:13:53,15822.0,327.0,1533.0
136308,10/19/2020,Baleares,Spain,2021-04-02 15:13:53,16195.0,327.0,1533.0
137055,10/20/2020,Baleares,Spain,2021-04-02 15:13:53,16316.0,332.0,1533.0
137802,10/21/2020,Baleares,Spain,2021-04-02 15:13:53,16480.0,336.0,1533.0
138549,10/22/2020,Baleares,Spain,2021-04-02 15:13:53,16663.0,344.0,1533.0
139296,10/23/2020,Baleares,Spain,2021-04-02 15:13:53,16876.0,352.0,1533.0
140043,10/24/2020,Baleares,Spain,2021-04-02 15:13:53,16876.0,352.0,1533.0
140790,10/25/2020,Baleares,Spain,2021-04-02 15:13:53,16876.0,352.0,1533.0
141537,10/26/2020,Baleares,Spain,2021-04-02 15:13:53,17431.0,356.0,1533.0
142284,10/27/2020,Baleares,Spain,2021-04-02 15:13:53,17606.0,357.0,1533.0
143032,10/28/2020,Baleares,Spain,2021-04-02 15:13:53,17852.0,357.0,1533.0
143780,10/29/2020,Baleares,Spain,2021-04-02 15:13:53,18080.0,357.0,1533.0
144528,10/30/2020,Baleares,Spain,2021-04-02 15:13:53,18361.0,362.0,1533.0
145276,10/31/2020,Baleares,Spain,2021-04-02 15:13:53,18361.0,362.0,1533.0
146024,11/01/2020,Baleares,Spain,2021-04-02 15:13:53,18361.0,362.0,1533.0
146772,11/02/2020,Baleares,Spain,2021-04-02 15:13:53,18918.0,363.0,1533.0
147520,11/03/2020,Baleares,Spain,2021-04-02 15:13:53,19146.0,364.0,1533.0
148268,11/04/2020,Baleares,Spain,2021-04-02 15:13:53,19431.0,371.0,1533.0
149016,11/05/2020,Baleares,Spain,2021-04-02 15:13:53,19693.0,372.0,1533.0
149764,11/06/2020,Baleares,Spain,2021-04-02 15:13:53,19946.0,376.0,1533.0
150512,11/07/2020,Baleares,Spain,2021-04-02 15:13:53,19946.0,376.0,1533.0
151260,11/08/2020,Baleares,Spain,2021-04-02 15:13:53,19946.0,376.0,1533.0
152008,11/09/2020,Baleares,Spain,2021-04-02 15:13:53,20617.0,378.0,1533.0
152757,11/10/2020,Baleares,Spain,2021-04-02 15:13:53,20617.0,378.0,1533.0
153506,11/11/2020,Baleares,Spain,2021-04-02 15:13:53,21048.0,380.0,1533.0
154255,11/12/2020,Baleares,Spain,2021-04-02 15:13:53,21266.0,383.0,1533.0
155016,11/13/2020,Baleares,Spain,2021-04-02 15:13:53,21449.0,389.0,1533.0
155777,11/14/2020,Baleares,Spain,2021-04-02 15:13:53,21449.0,389.0,1533.0
156538,11/15/2020,Baleares,Spain,2021-04-02 15:13:53,21449.0,389.0,1533.0
157299,11/16/2020,Baleares,Spain,2021-04-02 15:13:53,21988.0,391.0,1533.0
158060,11/17/2020,Baleares,Spain,2021-04-02 15:13:53,22204.0,397.0,1533.0
158821,11/18/2020,Baleares,Spain,2021-04-02 15:13:53,22408.0,397.0,1533.0
159582,11/19/2020,Baleares,Spain,2021-04-02 15:13:53,22581.0,398.0,1533.0
160343,11/20/2020,Baleares,Spain,2021-04-02 15:13:53,22764.0,398.0,1533.0
161104,11/21/2020,Baleares,Spain,2021-04-02 15:13:53,22764.0,398.0,1533.0
161865,11/22/2020,Baleares,Spain,2021-04-02 15:13:53,22764.0,398.0,1533.0
162626,11/23/2020,Baleares,Spain,2021-04-02 15:13:53,23193.0,398.0,1533.0
163387,11/24/2020,Baleares,Spain,2021-04-02 15:13:53,23338.0,399.0,1533.0
164149,11/25/2020,Baleares,Spain,2021-04-02 15:13:53,23513.0,402.0,1533.0
164911,11/26/2020,Baleares,Spain,2021-04-02 15:13:53,23690.0,404.0,1533.0
165673,11/27/2020,Baleares,Spain,2021-04-02 15:13:53,23925.0,404.0,1533.0
166435,11/28/2020,Baleares,Spain,2021-04-02 15:13:53,23925.0,404.0,1533.0
167197,11/29/2020,Baleares,Spain,2021-04-02 15:13:53,23925.0,404.0,1533.0
167959,11/30/2020,Baleares,Spain,2021-04-02 15:13:53,24441.0,409.0,1533.0
168721,12/01/2020,Baleares,Spain,2021-04-02 15:13:53,24612.0,411.0,1533.0
169483,12/02/2020,Baleares,Spain,2021-04-02 15:13:53,24803.0,413.0,1533.0
170245,12/03/2020,Baleares,Spain,2021-04-02 15:13:53,25021.0,423.0,1533.0
171007,12/04/2020,Baleares,Spain,2021-04-02 15:13:53,25288.0,425.0,1533.0
171769,12/05/2020,Baleares,Spain,2021-04-02 15:13:53,25288.0,425.0,1533.0
172531,12/06/2020,Baleares,Spain,2021-04-02 15:13:53,25288.0,425.0,1533.0
173293,12/07/2020,Baleares,Spain,2021-04-02 15:13:53,25941.0,425.0,1533.0
174055,12/08/2020,Baleares,Spain,2021-04-02 15:13:53,25941.0,425.0,1533.0
174817,12/09/2020,Baleares,Spain,2021-04-02 15:13:53,26348.0,425.0,1533.0
175579,12/10/2020,Baleares,Spain,2021-04-02 15:13:53,26574.0,426.0,1533.0
176341,12/11/2020,Baleares,Spain,2021-04-02 15:13:53,26888.0,427.0,1533.0
177103,12/12/2020,Baleares,Spain,2021-04-02 15:13:53,26888.0,427.0,1533.0
177865,12/13/2020,Baleares,Spain,2021-04-02 15:13:53,26888.0,427.0,1533.0
178627,12/14/2020,Baleares,Spain,2021-04-02 15:13:53,27871.0,427.0,1533.0
179389,12/15/2020,Baleares,Spain,2021-04-02 15:13:53,28172.0,429.0,1533.0
180151,12/16/2020,Baleares,Spain,2021-04-02 15:13:53,28563.0,432.0,1533.0
180913,12/17/2020,Baleares,Spain,2021-04-02 15:13:53,28965.0,434.0,1533.0
181675,12/18/2020,Baleares,Spain,2021-04-02 15:13:53,29423.0,437.0,1533.0
182437,12/19/2020,Baleares,Spain,2021-04-02 15:13:53,29423.0,437.0,1533.0
183199,12/20/2020,Baleares,Spain,2021-04-02 15:13:53,29423.0,437.0,1533.0
183961,12/21/2020,Baleares,Spain,2021-04-02 15:13:53,30813.0,442.0,1533.0
184723,12/22/2020,Baleares,Spain,2021-04-02 15:13:53,31316.0,447.0,1533.0
185485,12/23/2020,Baleares,Spain,2021-04-02 15:13:53,31792.0,447.0,1533.0
186247,12/24/2020,Baleares,Spain,2021-04-02 15:13:53,32320.0,452.0,1533.0
187009,12/25/2020,Baleares,Spain,2021-04-02 15:13:53,32320.0,452.0,1533.0
187771,12/26/2020,Baleares,Spain,2021-04-02 15:13:53,32320.0,452.0,1533.0
188533,12/27/2020,Baleares,Spain,2021-04-02 15:13:53,32320.0,452.0,1533.0
189295,12/28/2020,Baleares,Spain,2021-04-02 15:13:53,34023.0,455.0,1533.0
190057,12/29/2020,Baleares,Spain,2021-04-02 15:13:53,34426.0,458.0,1533.0
190819,12/30/2020,Baleares,Spain,2021-04-02 15:13:53,34974.0,465.0,1533.0
191581,12/31/2020,Baleares,Spain,2021-04-02 15:13:53,35569.0,469.0,1533.0
192343,01/01/2021,Baleares,Spain,2021-04-02 15:13:53,35569.0,469.0,1533.0
193105,01/02/2021,Baleares,Spain,2021-04-02 15:13:53,35569.0,469.0,1533.0
193867,01/03/2021,Baleares,Spain,2021-04-02 15:13:53,35569.0,469.0,1533.0
194630,01/04/2021,Baleares,Spain,2021-04-02 15:13:53,37434.0,476.0,1533.0
195393,01/05/2021,Baleares,Spain,2021-04-02 15:13:53,37934.0,480.0,1533.0
196156,01/06/2021,Baleares,Spain,2021-04-02 15:13:53,37934.0,480.0,1533.0
196919,01/07/2021,Baleares,Spain,2021-04-02 15:13:53,39030.0,480.0,1533.0
197682,01/08/2021,Baleares,Spain,2021-04-02 15:13:53,39586.0,482.0,1533.0
198445,01/09/2021,Baleares,Spain,2021-04-02 15:13:53,39586.0,482.0,1533.0
199208,01/10/2021,Baleares,Spain,2021-04-02 15:13:53,39586.0,482.0,1533.0
199971,01/11/2021,Baleares,Spain,2021-04-02 15:13:53,41275.0,490.0,1533.0
200734,01/12/2021,Baleares,Spain,2021-04-02 15:13:53,41816.0,497.0,1533.0
201497,01/13/2021,Baleares,Spain,2021-04-02 15:13:53,42547.0,502.0,1533.0
202260,01/14/2021,Baleares,Spain,2021-04-02 15:13:53,43232.0,503.0,1533.0
203023,01/15/2021,Baleares,Spain,2021-04-02 15:13:53,43947.0,508.0,1533.0
203786,01/16/2021,Baleares,Spain,2021-04-02 15:13:53,43947.0,508.0,1533.0
204549,01/17/2021,Baleares,Spain,2021-04-02 15:13:53,43947.0,508.0,1533.0
205312,01/18/2021,Baleares,Spain,2021-04-02 15:13:53,45533.0,518.0,1533.0
206075,01/19/2021,Baleares,Spain,2021-04-02 15:13:53,46110.0,528.0,1533.0
206838,01/20/2021,Baleares,Spain,2021-04-02 15:13:53,46721.0,538.0,1533.0
207602,01/21/2021,Baleares,Spain,2021-04-02 15:13:53,47359.0,538.0,1533.0
208366,01/22/2021,Baleares,Spain,2021-04-02 15:13:53,47984.0,544.0,1533.0
209130,01/23/2021,Baleares,Spain,2021-04-02 15:13:53,47984.0,544.0,1533.0
209894,01/24/2021,Baleares,Spain,2021-04-02 15:13:53,47984.0,544.0,1533.0
210658,01/25/2021,Baleares,Spain,2021-04-02 15:13:53,49610.0,549.0,1533.0
211073,01/25/2021,Shanghai,Mainland China,2021-04-02 15:13:53,1654.0,7.0,1533.0
211422,01/26/2021,Baleares,Spain,2021-04-02 15:13:53,50059.0,555.0,1533.0
212186,01/27/2021,Baleares,Spain,2021-04-02 15:13:53,50585.0,563.0,1533.0
212950,01/28/2021,Baleares,Spain,2021-04-02 15:13:53,51103.0,571.0,1533.0
213714,01/29/2021,Baleares,Spain,2021-04-02 15:13:53,51575.0,577.0,1533.0
214478,01/30/2021,Baleares,Spain,2021-04-02 15:13:53,51575.0,577.0,1533.0
215242,01/31/2021,Baleares,Spain,2021-04-02 15:13:53,51575.0,577.0,1533.0
216006,02/01/2021,Baleares,Spain,2021-04-02 15:13:53,52490.0,590.0,1533.0
216770,02/02/2021,Baleares,Spain,2021-04-02 15:13:53,52706.0,603.0,1533.0
217534,02/03/2021,Baleares,Spain,2021-04-02 15:13:53,53027.0,609.0,1533.0
218298,02/04/2021,Baleares,Spain,2021-04-02 15:13:53,53343.0,617.0,1533.0
219062,02/05/2021,Baleares,Spain,2021-04-02 15:13:53,53584.0,622.0,1533.0
219826,02/06/2021,Baleares,Spain,2021-04-02 15:13:53,53584.0,622.0,1533.0
220590,02/07/2021,Baleares,Spain,2021-04-02 15:13:53,53584.0,622.0,1533.0
221354,02/08/2021,Baleares,Spain,2021-04-02 15:13:53,54083.0,631.0,1533.0
222118,02/09/2021,Baleares,Spain,2021-04-02 15:13:53,54248.0,637.0,1533.0
222882,02/10/2021,Baleares,Spain,2021-04-02 15:13:53,54429.0,642.0,1533.0
223646,02/11/2021,Baleares,Spain,2021-04-02 15:13:53,54591.0,648.0,1533.0
224410,02/12/2021,Baleares,Spain,2021-04-02 15:13:53,54731.0,653.0,1533.0
225174,02/13/2021,Baleares,Spain,2021-04-02 15:13:53,54731.0,653.0,1533.0
225938,02/14/2021,Baleares,Spain,2021-04-02 15:13:53,54731.0,653.0,1533.0
226702,02/15/2021,Baleares,Spain,2021-04-02 15:13:53,55092.0,668.0,1533.0
227466,02/16/2021,Baleares,Spain,2021-04-02 15:13:53,55220.0,672.0,1533.0
228230,02/17/2021,Baleares,Spain,2021-04-02 15:13:53,55349.0,674.0,1533.0
228994,02/18/2021,Baleares,Spain,2021-04-02 15:13:53,55467.0,677.0,1533.0
229758,02/19/2021,Baleares,Spain,2021-04-02 15:13:53,55559.0,680.0,1533.0
230522,02/20/2021,Baleares,Spain,2021-04-02 15:13:53,55559.0,680.0,1533.0
231286,02/21/2021,Baleares,Spain,2021-04-02 15:13:53,55559.0,680.0,1533.0
232050,02/22/2021,Baleares,Spain,2021-04-02 15:13:53,55751.0,681.0,1533.0
232814,02/23/2021,Baleares,Spain,2021-04-02 15:13:53,55802.0,684.0,1533.0
233578,02/24/2021,Baleares,Spain,2021-04-02 15:13:53,55873.0,691.0,1533.0
234342,02/25/2021,Baleares,Spain,2021-04-02 15:13:53,55934.0,700.0,1533.0
235106,02/26/2021,Baleares,Spain,2021-04-02 15:13:53,55991.0,707.0,1533.0
235870,02/27/2021,Baleares,Spain,2021-04-02 15:13:53,55991.0,707.0,1533.0
236634,02/28/2021,Baleares,Spain,2021-04-02 15:13:53,55991.0,707.0,1533.0
237398,03/01/2021,Baleares,Spain,2021-04-02 15:13:53,56164.0,725.0,1533.0
238162,03/02/2021,Baleares,Spain,2021-04-02 15:13:53,56196.0,725.0,1533.0
238926,03/03/2021,Baleares,Spain,2021-04-02 15:13:53,56236.0,727.0,1533.0
239690,03/04/2021,Baleares,Spain,2021-04-02 15:13:53,56286.0,729.0,1533.0
240454,03/05/2021,Baleares,Spain,2021-04-02 15:13:53,56338.0,730.0,1533.0
241218,03/06/2021,Baleares,Spain,2021-04-02 15:13:53,56338.0,730.0,1533.0
241982,03/07/2021,Baleares,Spain,2021-04-02 15:13:53,56338.0,730.0,1533.0
242746,03/08/2021,Baleares,Spain,2021-04-02 15:13:53,56438.0,731.0,1533.0
243510,03/09/2021,Baleares,Spain,2021-04-02 15:13:53,56476.0,732.0,1533.0
244274,03/10/2021,Baleares,Spain,2021-04-02 15:13:53,56519.0,732.0,1533.0
245038,03/11/2021,Baleares,Spain,2021-04-02 15:13:53,56621.0,733.0,1533.0
245802,03/12/2021,Baleares,Spain,2021-04-02 15:13:53,56663.0,733.0,1533.0
246566,03/13/2021,Baleares,Spain,2021-04-02 15:13:53,56663.0,733.0,1533.0
247330,03/14/2021,Baleares,Spain,2021-04-02 15:13:53,56663.0,733.0,1533.0
248094,03/15/2021,Baleares,Spain,2021-04-02 15:13:53,56752.0,735.0,1533.0
248858,03/16/2021,Baleares,Spain,2021-04-02 15:13:53,56785.0,739.0,1533.0
249622,03/17/2021,Baleares,Spain,2021-04-02 15:13:53,56828.0,742.0,1533.0
250386,03/18/2021,Baleares,Spain,2021-04-02 15:13:53,56881.0,750.0,1533.0
251150,03/19/2021,Baleares,Spain,2021-04-02 15:13:53,56881.0,750.0,1533.0
251914,03/20/2021,Baleares,Spain,2021-04-02 15:13:53,56881.0,750.0,1533.0
252678,03/21/2021,Baleares,Spain,2021-04-02 15:13:53,56881.0,750.0,1533.0
253442,03/22/2021,Baleares,Spain,2021-04-02 15:13:53,57088.0,766.0,1533.0
254206,03/23/2021,Baleares,Spain,2021-04-02 15:13:53,57130.0,772.0,1533.0
254970,03/24/2021,Baleares,Spain,2021-04-02 15:13:53,57130.0,772.0,1533.0
255734,03/25/2021,Baleares,Spain,2021-04-02 15:13:53,57270.0,777.0,1533.0
256498,03/26/2021,Baleares,Spain,2021-04-02 15:13:53,57315.0,777.0,1533.0
257262,03/27/2021,Baleares,Spain,2021-04-02 15:13:53,57315.0,777.0,1533.0
258026,03/28/2021,Baleares,Spain,2021-04-02 15:13:53,57315.0,777.0,1533.0
258790,03/29/2021,Baleares,Spain,2021-04-02 15:13:53,57558.0,777.0,1533.0
259554,03/30/2021,Baleares,Spain,2021-04-02 15:13:53,57619.0,777.0,1533.0
260318,03/31/2021,Baleares,Spain,2021-04-02 15:13:53,57676.0,777.0,1533.0
261082,04/01/2021,Baleares,Spain,2021-04-02 15:13:53,57727.0,777.0,1533.0
261846,04/02/2021,Baleares,Spain,2021-04-03 04:20:44,57727.0,777.0,1533.0
262610,04/03/2021,Baleares,Spain,2021-04-04 04:20:49,57809.0,777.0,1533.0
263374,04/04/2021,Baleares,Spain,2021-04-05 04:20:35,57809.0,777.0,1533.0
264138,04/05/2021,Baleares,Spain,2021-04-06 04:20:32,57901.0,777.0,1533.0
264902,04/06/2021,Baleares,Spain,2021-04-07 04:20:53,57932.0,777.0,1533.0
265666,04/07/2021,Baleares,Spain,2021-04-08 04:21:13,58000.0,778.0,1533.0
266430,04/08/2021,Baleares,Spain,2021-04-09 04:21:13,58082.0,779.0,1533.0
267194,04/09/2021,Baleares,Spain,2021-04-10 04:20:59,58153.0,779.0,1533.0
267958,04/10/2021,Baleares,Spain,2021-04-11 04:20:56,58153.0,779.0,1533.0
268722,04/11/2021,Baleares,Spain,2021-04-12 04:21:00,58153.0,779.0,1533.0
269486,04/12/2021,Baleares,Spain,2021-04-13 04:20:37,58298.0,779.0,1533.0
270250,04/13/2021,Baleares,Spain,2021-04-14 04:20:41,58380.0,780.0,1533.0
271014,04/14/2021,Baleares,Spain,2021-04-15 04:20:54,58428.0,780.0,1533.0
271778,04/15/2021,Baleares,Spain,2021-04-16 04:20:46,58477.0,780.0,1533.0
272542,04/16/2021,Baleares,Spain,2021-04-17 04:20:40,58533.0,780.0,1533.0
273306,04/17/2021,Baleares,Spain,2021-04-18 04:20:41,58533.0,780.0,1533.0
274070,04/18/2021,Baleares,Spain,2021-04-19 04:20:57,58533.0,780.0,1533.0
274834,04/19/2021,Baleares,Spain,2021-04-20 04:20:41,58664.0,780.0,1533.0
275598,04/20/2021,Baleares,Spain,2021-04-21 04:21:14,58664.0,780.0,1533.0
276362,04/21/2021,Baleares,Spain,2021-04-22 04:20:53,58756.0,787.0,1533.0
277126,04/22/2021,Baleares,Spain,2021-04-23 04:20:52,58821.0,793.0,1533.0
277890,04/23/2021,Baleares,Spain,2021-04-24 04:20:38,58885.0,798.0,1533.0
278654,04/24/2021,Baleares,Spain,2021-04-25 04:20:32,58885.0,798.0,1533.0
279418,04/25/2021,Baleares,Spain,2021-04-26 04:21:04,58885.0,798.0,1533.0
280182,04/26/2021,Baleares,Spain,2021-04-27 04:20:52,59016.0,814.0,1533.0
280946,04/27/2021,Baleares,Spain,2021-04-28 04:20:32,59074.0,819.0,1533.0
281710,04/28/2021,Baleares,Spain,2021-04-29 04:20:55,59139.0,819.0,1533.0
282474,04/29/2021,Baleares,Spain,2021-04-30 04:21:03,59191.0,820.0,1533.0
283238,04/30/2021,Baleares,Spain,2021-05-01 04:20:47,59276.0,820.0,1533.0
284002,05/01/2021,Baleares,Spain,2021-05-02 04:20:48,59276.0,820.0,1533.0
284766,05/02/2021,Baleares,Spain,2021-05-03 04:20:39,59276.0,820.0,1533.0
135562,10/18/2020,Balochistan,Pakistan,2021-04-02 15:13:53,15688.0,148.0,15330.0
136309,10/19/2020,Balochistan,Pakistan,2021-04-02 15:13:53,15688.0,148.0,15330.0
278360,04/23/2021,Tyva Republic,Russia,2021-04-24 04:20:38,15799.0,201.0,15330.0
208225,01/22/2021,,Kuwait,2021-04-02 15:13:53,160367.0,952.0,153307.0
22145,05/06/2020,,India,2021-04-02 15:13:53,52987.0,1785.0,15331.0
141769,10/26/2020,Magdalena,Colombia,2021-04-02 15:13:53,16978.0,889.0,15331.0
165347,11/26/2020,Sucre,Colombia,2021-04-02 15:13:53,16405.0,642.0,15331.0
211485,01/26/2021,Coquimbo,Chile,2021-04-02 15:13:53,16345.0,329.0,15331.0
247012,03/13/2021,Tatarstan Republic,Russia,2021-04-02 15:13:53,18636.0,375.0,15332.0
68358,07/20/2020,,Nigeria,2021-04-02 15:13:53,37225.0,801.0,15333.0
128339,10/08/2020,Maule,Chile,2021-04-02 15:13:53,16706.0,351.0,15333.0
41198,06/13/2020,,Israel,2021-04-02 15:13:53,19000.0,303.0,15334.0
159171,11/18/2020,Pernambuco,Brazil,2021-04-02 15:13:53,172716.0,8873.0,153344.0
196921,01/07/2021,Bashkortostan Republic,Russia,2021-04-02 15:13:53,20242.0,152.0,15335.0
194261,01/03/2021,Saint Petersburg,Russia,2021-04-02 15:13:53,253350.0,7925.0,153356.0
151174,11/08/2020,,Senegal,2021-04-02 15:13:53,15708.0,326.0,15336.0
239226,03/03/2021,Niedersachsen,Germany,2021-04-02 15:13:53,166951.0,4391.0,153364.0
38256,06/09/2020,,Bangladesh,2021-04-02 15:13:53,71675.0,975.0,15337.0
172537,12/06/2020,Belgorod Oblast,Russia,2021-04-02 15:13:53,17259.0,90.0,15337.0
43477,06/16/2020,,Turkey,2021-04-02 15:13:53,181298.0,4842.0,153379.0
47755,06/22/2020,,Dominican Republic,2021-04-02 15:13:53,27370.0,669.0,15338.0
100458,09/01/2020,,West Bank and Gaza,2021-04-02 15:13:53,23281.0,159.0,15338.0
239136,03/03/2021,La Guajira,Colombia,2021-04-02 15:13:53,16243.0,637.0,15338.0
259865,03/30/2021,North Ossetia - Alania Republic,Russia,2021-04-02 15:13:53,16322.0,161.0,15338.0
185086,12/22/2020,Punjab,India,2021-04-02 15:13:53,163665.0,5230.0,153382.0
101320,09/02/2020,Cordoba,Colombia,2021-04-02 15:13:53,20059.0,1353.0,15339.0
18401,04/24/2020,Guangdong,Mainland China,2020-04-25 06:31:19,1585.0,8.0,1534.0
20899,05/02/2020,,Qatar,2020-05-03 02:32:28,14872.0,12.0,1534.0
34593,06/03/2020,Michoacan,Mexico,2021-04-02 15:13:53,2121.0,194.0,1534.0
38162,06/08/2020,Tambov Oblast,Russia,2021-04-02 15:13:53,3504.0,8.0,1534.0
46514,06/20/2020,Chernivtsi Oblast,Ukraine,2021-04-02 15:13:53,4268.0,171.0,1534.0
54390,07/01/2020,,Lithuania,2021-04-02 15:13:53,1813.0,61.0,1534.0
68516,07/20/2020,Choco,Colombia,2021-04-02 15:13:53,2530.0,82.0,1534.0
115252,09/21/2020,,Georgia,2021-04-02 15:13:53,3695.0,20.0,1534.0
122104,09/30/2020,Arauca,Colombia,2021-04-02 15:13:53,1725.0,50.0,1534.0
235422,02/26/2021,Nova Scotia,Canada,2021-04-02 15:13:53,1634.0,65.0,1534.0
236186,02/27/2021,Nova Scotia,Canada,2021-04-02 15:13:53,1638.0,65.0,1534.0
252624,03/21/2021,,Yemen,2021-04-02 15:13:53,3418.0,751.0,1534.0
271937,04/15/2021,Isle of Man,UK,2021-04-16 04:20:46,1575.0,29.0,1534.0
272701,04/16/2021,Isle of Man,UK,2021-04-17 04:20:40,1575.0,29.0,1534.0
273465,04/17/2021,Isle of Man,UK,2021-04-18 04:20:41,1575.0,29.0,1534.0
277687,04/23/2021,,Bosnia and Herzegovina,2021-04-24 04:20:38,194733.0,8203.0,153408.0
278451,04/24/2021,,Bosnia and Herzegovina,2021-04-25 04:20:32,194733.0,8203.0,153408.0
279215,04/25/2021,,Bosnia and Herzegovina,2021-04-26 04:21:04,194733.0,8203.0,153408.0
125006,10/04/2020,,North Macedonia,2021-04-02 15:13:53,18790.0,756.0,15341.0
132580,10/14/2020,Berlin,Germany,2021-04-02 15:13:53,19537.0,237.0,15341.0
169845,12/02/2020,Puglia,Italy,2021-04-02 15:13:53,57647.0,1546.0,15341.0
183437,12/20/2020,Magallanes,Chile,2021-04-02 15:13:53,16055.0,224.0,15341.0
234544,02/25/2021,Kostroma Oblast,Russia,2021-04-02 15:13:53,18285.0,349.0,15342.0
279124,04/24/2021,Tyva Republic,Russia,2021-04-25 04:20:32,15800.0,201.0,15342.0
2143,02/23/2020,Hubei,Mainland China,2020-02-23T11:33:03,64084.0,2346.0,15343.0
117928,09/24/2020,Narino,Colombia,2021-04-02 15:13:53,17825.0,665.0,15343.0
147007,11/02/2020,Manipur,India,2021-04-02 15:13:53,19091.0,180.0,15343.0
209313,01/23/2021,Karachay-Cherkess Republic,Russia,2021-04-02 15:13:53,17003.0,49.0,15343.0
242574,03/08/2021,,Eswatini,2021-04-02 15:13:53,17188.0,658.0,15343.0
247776,03/14/2021,Tatarstan Republic,Russia,2021-04-02 15:13:53,18686.0,375.0,15343.0
173912,12/08/2020,,Kazakhstan,2021-04-02 15:13:53,181721.0,2544.0,153432.0
173299,12/07/2020,Belgorod Oblast,Russia,2021-04-02 15:13:53,17437.0,90.0,15344.0
179730,12/15/2020,P.A. Trento,Italy,2021-04-02 15:13:53,18846.0,795.0,15344.0
180349,12/16/2020,Kirov Oblast,Russia,2021-04-02 15:13:53,22011.0,213.0,15344.0
245606,03/12/2021,,Cabo Verde,2021-04-02 15:13:53,15986.0,155.0,15344.0
166374,11/28/2020,,United Arab Emirates,2021-04-02 15:13:53,166502.0,569.0,153449.0
153154,11/10/2020,Saratov Oblast,Russia,2021-04-02 15:13:53,22477.0,174.0,15345.0
81895,08/07/2020,Bolivar,Colombia,2021-04-02 15:13:53,19901.0,616.0,15346.0
31164,05/29/2020,,Austria,2021-04-02 15:13:53,16655.0,668.0,15347.0
102576,09/04/2020,,El Salvador,2021-04-02 15:13:53,26099.0,744.0,15347.0
166109,11/27/2020,Sucre,Colombia,2021-04-02 15:13:53,16413.0,643.0,15347.0
179427,12/15/2020,Cauca,Colombia,2021-04-02 15:13:53,16954.0,468.0,15347.0
192849,01/01/2021,Vinnytsia Oblast,Ukraine,2021-04-02 15:13:53,22735.0,399.0,15347.0
170495,12/03/2020,Mato Grosso,Brazil,2021-04-02 15:13:53,160284.0,4108.0,153477.0
213443,01/28/2021,Valle del Cauca,Colombia,2021-04-02 15:13:53,170516.0,5338.0,153479.0
151774,11/08/2020,Yamalo-Nenets Autonomous Okrug,Russia,2021-04-02 15:13:53,22055.0,160.0,15349.0
151922,11/09/2020,,Senegal,2021-04-02 15:13:53,15711.0,326.0,15349.0
125843,10/05/2020,Assam,India,2021-04-02 15:13:53,187718.0,760.0,153491.0
31829,05/30/2020,,North Macedonia,2021-04-02 15:13:53,2164.0,131.0,1535.0
39866,06/11/2020,Astrakhan Oblast,Russia,2021-04-02 15:13:53,2586.0,23.0,1535.0
65253,07/15/2020,Vologda Oblast,Russia,2021-04-02 15:13:53,1972.0,19.0,1535.0
69198,07/21/2020,Atacama,Chile,2021-04-02 15:13:53,1958.0,9.0,1535.0
69943,07/22/2020,Atacama,Chile,2021-04-02 15:13:53,1958.0,9.0,1535.0
118989,09/26/2020,,Guyana,2021-04-02 15:13:53,2725.0,74.0,1535.0
182481,12/19/2020,Channel Islands,UK,2021-04-02 15:13:53,2526.0,52.0,1535.0
183243,12/20/2020,Channel Islands,UK,2021-04-02 15:13:53,2629.0,52.0,1535.0
184005,12/21/2020,Channel Islands,UK,2021-04-02 15:13:53,2738.0,52.0,1535.0
184767,12/22/2020,Channel Islands,UK,2021-04-02 15:13:53,2776.0,52.0,1535.0
234625,02/25/2021,Nagasaki,Japan,2021-04-02 15:13:53,1609.0,36.0,1535.0
255641,03/25/2021,,Saint Vincent and the Grenadines,2021-04-02 15:13:53,1715.0,10.0,1535.0
205861,01/19/2021,,Armenia,2021-04-02 15:13:53,164912.0,3007.0,153500.0
109606,09/13/2020,Islamabad,Pakistan,2021-04-02 15:13:53,15941.0,178.0,15351.0
137056,10/20/2020,Balochistan,Pakistan,2021-04-02 15:13:53,15717.0,148.0,15351.0
197684,01/08/2021,Bashkortostan Republic,Russia,2021-04-02 15:13:53,20407.0,154.0,15351.0
111196,09/15/2020,Michoacan,Mexico,2021-04-02 15:13:53,18031.0,1419.0,15352.0
141254,10/25/2020,Ulyanovsk Oblast,Russia,2021-04-02 15:13:53,19578.0,238.0,15352.0
116660,09/22/2020,Voronezh Oblast,Russia,2021-04-02 15:13:53,16723.0,158.0,15353.0
126852,10/06/2020,Meta,Colombia,2021-04-02 15:13:53,17484.0,440.0,15353.0
147565,11/03/2020,Chelyabinsk Oblast,Russia,2021-04-02 15:13:53,19498.0,164.0,15354.0
248540,03/15/2021,Tatarstan Republic,Russia,2021-04-02 15:13:53,18733.0,375.0,15354.0
100436,09/01/2020,,South Korea,2021-04-02 15:13:53,20449.0,326.0,15356.0
199026,01/10/2021,,Denmark,2021-04-02 15:13:53,181486.0,1570.0,153565.0
213747,01/29/2021,Caqueta,Colombia,2021-04-02 15:13:53,16515.0,588.0,15357.0
268725,04/11/2021,Basilicata,Italy,2021-04-12 04:21:00,20984.0,484.0,15357.0
224892,02/12/2021,Unknown,Mexico,2021-04-02 15:13:53,0.0,0.0,1535786.0
225273,02/13/2021,Fukuoka,Japan,2021-04-02 15:13:53,17338.0,233.0,15358.0
54843,07/01/2020,Paraiba,Brazil,2021-04-02 15:13:53,48175.0,1002.0,15359.0
78150,08/02/2020,Bahia,Brazil,2021-04-02 15:13:53,170476.0,3572.0,153598.0
22079,05/06/2020,,Azerbaijan,2021-04-02 15:13:53,2127.0,28.0,1536.0
88908,08/16/2020,Odessa Oblast,Ukraine,2021-04-02 15:13:53,4964.0,80.0,1536.0
89480,08/17/2020,Hyogo,Japan,2021-04-02 15:13:53,1926.0,48.0,1536.0
89653,08/17/2020,Odessa Oblast,Ukraine,2021-04-02 15:13:53,5062.0,80.0,1536.0
91490,08/20/2020,,Sierra Leone,2021-04-02 15:13:53,1969.0,69.0,1536.0
98215,08/29/2020,,Tunisia,2021-04-02 15:13:53,3572.0,76.0,1536.0
195387,01/05/2021,Aysen,Chile,2021-04-02 15:13:53,1650.0,15.0,1536.0
206357,01/19/2021,Nagano,Japan,2021-04-02 15:13:53,2027.0,22.0,1536.0
235389,02/26/2021,Nagasaki,Japan,2021-04-02 15:13:53,1609.0,36.0,1536.0
219313,02/05/2021,Mato Grosso do Sul,Brazil,2021-04-02 15:13:53,164314.0,2983.0,153604.0
220077,02/06/2021,Mato Grosso do Sul,Brazil,2021-04-02 15:13:53,164314.0,2983.0,153604.0
154325,11/12/2020,Dagestan Republic,Russia,2021-04-02 15:13:53,17125.0,832.0,15361.0
260629,03/31/2021,North Ossetia - Alania Republic,Russia,2021-04-02 15:13:53,16339.0,161.0,15361.0
279888,04/25/2021,Tyva Republic,Russia,2021-04-26 04:21:04,15802.0,202.0,15361.0
111179,09/15/2020,Maranhao,Brazil,2021-04-02 15:13:53,163802.0,3601.0,153613.0
111924,09/16/2020,Maranhao,Brazil,2021-04-02 15:13:53,164770.0,3611.0,153613.0
225013,02/13/2021,,Guatemala,2021-04-02 15:13:53,167071.0,6094.0,153614.0
236536,02/28/2021,,Qatar,2021-04-02 15:13:53,163664.0,258.0,153621.0
223226,02/10/2021,Paraiba,Brazil,2021-04-02 15:13:53,200846.0,4182.0,153622.0
223990,02/11/2021,Paraiba,Brazil,2021-04-02 15:13:53,201976.0,4198.0,153622.0
88566,08/16/2020,Antofagasta,Chile,2021-04-02 15:13:53,16794.0,403.0,15363.0
91630,08/20/2020,Coahuila,Mexico,2021-04-02 15:13:53,18846.0,1187.0,15363.0
258613,03/29/2021,,Egypt,2021-04-02 15:13:53,200739.0,11914.0,153630.0
264794,04/06/2021,,Nigeria,2021-04-07 04:20:53,163388.0,2058.0,153630.0
101267,09/02/2020,Biobio,Chile,2021-04-02 15:13:53,17785.0,215.0,15364.0
167183,11/29/2020,Arunachal Pradesh,India,2021-04-02 15:13:53,16269.0,54.0,15364.0
169145,12/01/2020,Sindh,Pakistan,2021-04-02 15:13:53,175642.0,2962.0,153642.0
201282,01/13/2021,,Argentina,2021-04-02 15:13:53,1757429.0,44983.0,1536423.0
228594,02/17/2021,Punjab,Pakistan,2021-04-02 15:13:53,165716.0,5138.0,153644.0
269352,04/12/2021,,Libya,2021-04-13 04:20:37,168676.0,2828.0,153644.0
181561,12/18/2020,,Mozambique,2021-04-02 15:13:53,17338.0,146.0,15365.0
141586,10/26/2020,Chhattisgarh,India,2021-04-02 15:13:53,177608.0,1861.0,153654.0
177698,12/13/2020,,France,2021-04-02 15:13:53,2376228.0,57554.0,153659.0
152670,11/10/2020,,Senegal,2021-04-02 15:13:53,15720.0,326.0,15366.0
251763,03/20/2021,,Iran,2021-04-02 15:13:53,1793805.0,61724.0,1536606.0
274623,04/19/2021,,Bahrain,2021-04-20 04:20:41,165118.0,600.0,153671.0
112803,09/17/2020,Rio Grande do Sul,Brazil,2021-04-02 15:13:53,167781.0,4268.0,153678.0
97691,08/28/2020,Jalisco,Mexico,2021-04-02 15:13:53,19567.0,2378.0,15368.0
166871,11/28/2020,Sucre,Colombia,2021-04-02 15:13:53,16438.0,645.0,15368.0
222063,02/09/2021,,West Bank and Gaza,2021-04-02 15:13:53,163975.0,1897.0,153682.0
117802,09/24/2020,Irkutsk Oblast,Russia,2021-04-02 15:13:53,18586.0,281.0,15369.0
144968,10/30/2020,Ternopil Oblast,Ukraine,2021-04-02 15:13:53,20411.0,253.0,15369.0
157283,11/16/2020,Arkhangelsk Oblast,Russia,2021-04-02 15:13:53,26288.0,315.0,15369.0
175796,12/10/2020,Leningrad Oblast,Russia,2021-04-02 15:13:53,19083.0,167.0,15369.0
189767,12/28/2020,Udmurt Republic,Russia,2021-04-02 15:13:53,18981.0,376.0,15369.0
26409,05/18/2020,Canarias,Spain,2021-04-02 15:13:53,2294.0,153.0,1537.0
29912,05/26/2020,Canarias,Spain,2021-04-02 15:13:53,2323.0,150.0,1537.0
30367,05/27/2020,Canarias,Spain,2021-04-02 15:13:53,2323.0,150.0,1537.0
30836,05/28/2020,Canarias,Spain,2021-04-02 15:13:53,2327.0,151.0,1537.0
31392,05/29/2020,Canarias,Spain,2021-04-02 15:13:53,2333.0,151.0,1537.0
31949,05/30/2020,Canarias,Spain,2021-04-02 15:13:53,2343.0,151.0,1537.0
32507,05/31/2020,Canarias,Spain,2021-04-02 15:13:53,2345.0,151.0,1537.0
33073,06/01/2020,Canarias,Spain,2021-04-02 15:13:53,2347.0,151.0,1537.0
33740,06/02/2020,Canarias,Spain,2021-04-02 15:13:53,2351.0,151.0,1537.0
34406,06/03/2020,Canarias,Spain,2021-04-02 15:13:53,2357.0,151.0,1537.0
35073,06/04/2020,Canarias,Spain,2021-04-02 15:13:53,2361.0,151.0,1537.0
35740,06/05/2020,Canarias,Spain,2021-04-02 15:13:53,2362.0,151.0,1537.0
36427,06/06/2020,Canarias,Spain,2021-04-02 15:13:53,2364.0,151.0,1537.0
37114,06/07/2020,Canarias,Spain,2021-04-02 15:13:53,2369.0,151.0,1537.0
37801,06/08/2020,Canarias,Spain,2021-04-02 15:13:53,2370.0,151.0,1537.0
38108,06/08/2020,Roraima,Brazil,2021-04-02 15:13:53,5768.0,145.0,1537.0
38488,06/09/2020,Canarias,Spain,2021-04-02 15:13:53,2372.0,151.0,1537.0
39180,06/10/2020,Canarias,Spain,2021-04-02 15:13:53,2372.0,151.0,1537.0
39451,06/10/2020,Nuevo Leon,Mexico,2021-04-02 15:13:53,2121.0,136.0,1537.0
39907,06/11/2020,Canarias,Spain,2021-04-02 15:13:53,2371.0,151.0,1537.0
40639,06/12/2020,Canarias,Spain,2021-04-02 15:13:53,2374.0,151.0,1537.0
41329,06/13/2020,Assam,India,2021-04-02 15:13:53,3498.0,8.0,1537.0
41371,06/13/2020,Canarias,Spain,2021-04-02 15:13:53,2377.0,151.0,1537.0
42103,06/14/2020,Canarias,Spain,2021-04-02 15:13:53,2378.0,151.0,1537.0
42835,06/15/2020,Canarias,Spain,2021-04-02 15:13:53,2378.0,151.0,1537.0
43567,06/16/2020,Canarias,Spain,2021-04-02 15:13:53,2382.0,151.0,1537.0
44299,06/17/2020,Canarias,Spain,2021-04-02 15:13:53,2382.0,151.0,1537.0
45031,06/18/2020,Canarias,Spain,2021-04-02 15:13:53,2398.0,151.0,1537.0
45763,06/19/2020,Canarias,Spain,2021-04-02 15:13:53,2402.0,162.0,1537.0
46495,06/20/2020,Canarias,Spain,2021-04-02 15:13:53,2402.0,162.0,1537.0
47227,06/21/2020,Canarias,Spain,2021-04-02 15:13:53,2414.0,162.0,1537.0
47959,06/22/2020,Canarias,Spain,2021-04-02 15:13:53,2414.0,162.0,1537.0
48691,06/23/2020,Canarias,Spain,2021-04-02 15:13:53,2415.0,162.0,1537.0
49423,06/24/2020,Canarias,Spain,2021-04-02 15:13:53,2421.0,162.0,1537.0
50155,06/25/2020,Canarias,Spain,2021-04-02 15:13:53,2423.0,162.0,1537.0
50887,06/26/2020,Canarias,Spain,2021-04-02 15:13:53,2426.0,162.0,1537.0
51619,06/27/2020,Canarias,Spain,2021-04-02 15:13:53,2427.0,162.0,1537.0
52351,06/28/2020,Canarias,Spain,2021-04-02 15:13:53,2427.0,162.0,1537.0
53083,06/29/2020,Canarias,Spain,2021-04-02 15:13:53,2427.0,162.0,1537.0
53815,06/30/2020,Canarias,Spain,2021-04-02 15:13:53,2427.0,162.0,1537.0
54547,07/01/2020,Canarias,Spain,2021-04-02 15:13:53,2432.0,162.0,1537.0
55279,07/02/2020,Canarias,Spain,2021-04-02 15:13:53,2431.0,162.0,1537.0
56011,07/03/2020,Canarias,Spain,2021-04-02 15:13:53,2436.0,162.0,1537.0
56743,07/04/2020,Canarias,Spain,2021-04-02 15:13:53,2436.0,162.0,1537.0
57475,07/05/2020,Canarias,Spain,2021-04-02 15:13:53,2436.0,162.0,1537.0
58207,07/06/2020,Canarias,Spain,2021-04-02 15:13:53,2441.0,162.0,1537.0
58939,07/07/2020,Canarias,Spain,2021-04-02 15:13:53,2443.0,162.0,1537.0
59671,07/08/2020,Canarias,Spain,2021-04-02 15:13:53,2444.0,162.0,1537.0
60403,07/09/2020,Canarias,Spain,2021-04-02 15:13:53,2451.0,162.0,1537.0
61135,07/10/2020,Canarias,Spain,2021-04-02 15:13:53,2450.0,162.0,1537.0
61867,07/11/2020,Canarias,Spain,2021-04-02 15:13:53,2450.0,162.0,1537.0
62599,07/12/2020,Canarias,Spain,2021-04-02 15:13:53,2450.0,162.0,1537.0
63331,07/13/2020,Canarias,Spain,2021-04-02 15:13:53,2457.0,162.0,1537.0
64063,07/14/2020,Canarias,Spain,2021-04-02 15:13:53,2461.0,162.0,1537.0
64795,07/15/2020,Canarias,Spain,2021-04-02 15:13:53,2467.0,162.0,1537.0
65527,07/16/2020,Canarias,Spain,2021-04-02 15:13:53,2481.0,162.0,1537.0
66258,07/17/2020,Canarias,Spain,2021-04-02 15:13:53,2483.0,162.0,1537.0
67002,07/18/2020,Canarias,Spain,2021-04-02 15:13:53,2483.0,162.0,1537.0
67747,07/19/2020,Canarias,Spain,2021-04-02 15:13:53,2483.0,162.0,1537.0
68492,07/20/2020,Canarias,Spain,2021-04-02 15:13:53,2551.0,162.0,1537.0
69237,07/21/2020,Canarias,Spain,2021-04-02 15:13:53,2553.0,162.0,1537.0
69982,07/22/2020,Canarias,Spain,2021-04-02 15:13:53,2564.0,162.0,1537.0
70727,07/23/2020,Canarias,Spain,2021-04-02 15:13:53,2570.0,162.0,1537.0
71472,07/24/2020,Canarias,Spain,2021-04-02 15:13:53,2578.0,162.0,1537.0
72217,07/25/2020,Canarias,Spain,2021-04-02 15:13:53,2578.0,162.0,1537.0
72962,07/26/2020,Canarias,Spain,2021-04-02 15:13:53,2578.0,162.0,1537.0
73707,07/27/2020,Canarias,Spain,2021-04-02 15:13:53,2608.0,162.0,1537.0
74452,07/28/2020,Canarias,Spain,2021-04-02 15:13:53,2610.0,162.0,1537.0
75198,07/29/2020,Canarias,Spain,2021-04-02 15:13:53,2617.0,162.0,1537.0
75944,07/30/2020,Canarias,Spain,2021-04-02 15:13:53,2623.0,162.0,1537.0
76690,07/31/2020,Canarias,Spain,2021-04-02 15:13:53,2631.0,162.0,1537.0
77436,08/01/2020,Canarias,Spain,2021-04-02 15:13:53,2631.0,162.0,1537.0
78182,08/02/2020,Canarias,Spain,2021-04-02 15:13:53,2631.0,162.0,1537.0
78928,08/03/2020,Canarias,Spain,2021-04-02 15:13:53,2687.0,162.0,1537.0
79674,08/04/2020,Canarias,Spain,2021-04-02 15:13:53,2695.0,162.0,1537.0
80420,08/05/2020,Canarias,Spain,2021-04-02 15:13:53,2711.0,162.0,1537.0
81166,08/06/2020,Canarias,Spain,2021-04-02 15:13:53,2743.0,162.0,1537.0
81912,08/07/2020,Canarias,Spain,2021-04-02 15:13:53,2798.0,162.0,1537.0
82658,08/08/2020,Canarias,Spain,2021-04-02 15:13:53,2798.0,162.0,1537.0
83404,08/09/2020,Canarias,Spain,2021-04-02 15:13:53,2798.0,162.0,1537.0
84150,08/10/2020,Canarias,Spain,2021-04-02 15:13:53,2955.0,164.0,1537.0
84896,08/11/2020,Canarias,Spain,2021-04-02 15:13:53,3041.0,164.0,1537.0
85641,08/12/2020,Canarias,Spain,2021-04-02 15:13:53,3107.0,164.0,1537.0
86386,08/13/2020,Canarias,Spain,2021-04-02 15:13:53,3208.0,164.0,1537.0
87131,08/14/2020,Canarias,Spain,2021-04-02 15:13:53,3323.0,164.0,1537.0
87876,08/15/2020,Canarias,Spain,2021-04-02 15:13:53,3323.0,164.0,1537.0
88621,08/16/2020,Canarias,Spain,2021-04-02 15:13:53,3323.0,164.0,1537.0
89366,08/17/2020,Canarias,Spain,2021-04-02 15:13:53,3690.0,166.0,1537.0
90111,08/18/2020,Canarias,Spain,2021-04-02 15:13:53,3781.0,166.0,1537.0
90856,08/19/2020,Canarias,Spain,2021-04-02 15:13:53,3925.0,166.0,1537.0
91601,08/20/2020,Canarias,Spain,2021-04-02 15:13:53,4114.0,166.0,1537.0
92346,08/21/2020,Canarias,Spain,2021-04-02 15:13:53,4288.0,167.0,1537.0
93091,08/22/2020,Canarias,Spain,2021-04-02 15:13:53,4288.0,167.0,1537.0
93836,08/23/2020,Canarias,Spain,2021-04-02 15:13:53,4288.0,167.0,1537.0
94581,08/24/2020,Canarias,Spain,2021-04-02 15:13:53,4990.0,167.0,1537.0
95326,08/25/2020,Canarias,Spain,2021-04-02 15:13:53,5225.0,168.0,1537.0
96071,08/26/2020,Canarias,Spain,2021-04-02 15:13:53,5516.0,169.0,1537.0
96816,08/27/2020,Canarias,Spain,2021-04-02 15:13:53,5851.0,171.0,1537.0
97561,08/28/2020,Canarias,Spain,2021-04-02 15:13:53,6126.0,172.0,1537.0
98306,08/29/2020,Canarias,Spain,2021-04-02 15:13:53,6126.0,172.0,1537.0
99051,08/30/2020,Canarias,Spain,2021-04-02 15:13:53,6126.0,172.0,1537.0
99796,08/31/2020,Canarias,Spain,2021-04-02 15:13:53,7068.0,174.0,1537.0
100541,09/01/2020,Canarias,Spain,2021-04-02 15:13:53,7302.0,174.0,1537.0
101286,09/02/2020,Canarias,Spain,2021-04-02 15:13:53,7566.0,175.0,1537.0
102031,09/03/2020,Canarias,Spain,2021-04-02 15:13:53,7927.0,178.0,1537.0
102776,09/04/2020,Canarias,Spain,2021-04-02 15:13:53,8302.0,179.0,1537.0
103521,09/05/2020,Canarias,Spain,2021-04-02 15:13:53,8302.0,179.0,1537.0
104266,09/06/2020,Canarias,Spain,2021-04-02 15:13:53,8302.0,179.0,1537.0
105011,09/07/2020,Canarias,Spain,2021-04-02 15:13:53,9184.0,185.0,1537.0
105756,09/08/2020,Canarias,Spain,2021-04-02 15:13:53,9380.0,187.0,1537.0
106501,09/09/2020,Canarias,Spain,2021-04-02 15:13:53,9602.0,189.0,1537.0
107246,09/10/2020,Canarias,Spain,2021-04-02 15:13:53,9861.0,189.0,1537.0
107991,09/11/2020,Canarias,Spain,2021-04-02 15:13:53,10133.0,189.0,1537.0
108736,09/12/2020,Canarias,Spain,2021-04-02 15:13:53,10133.0,189.0,1537.0
109481,09/13/2020,Canarias,Spain,2021-04-02 15:13:53,10133.0,189.0,1537.0
110226,09/14/2020,Canarias,Spain,2021-04-02 15:13:53,10859.0,194.0,1537.0
110971,09/15/2020,Canarias,Spain,2021-04-02 15:13:53,10969.0,200.0,1537.0
111716,09/16/2020,Canarias,Spain,2021-04-02 15:13:53,11161.0,205.0,1537.0
112461,09/17/2020,Canarias,Spain,2021-04-02 15:13:53,11310.0,207.0,1537.0
112637,09/17/2020,Kyoto,Japan,2021-04-02 15:13:53,1659.0,25.0,1537.0
113206,09/18/2020,Canarias,Spain,2021-04-02 15:13:53,11479.0,209.0,1537.0
113951,09/19/2020,Canarias,Spain,2021-04-02 15:13:53,11479.0,209.0,1537.0
114696,09/20/2020,Canarias,Spain,2021-04-02 15:13:53,11479.0,209.0,1537.0
115441,09/21/2020,Canarias,Spain,2021-04-02 15:13:53,12027.0,214.0,1537.0
116187,09/22/2020,Canarias,Spain,2021-04-02 15:13:53,12193.0,216.0,1537.0
116933,09/23/2020,Canarias,Spain,2021-04-02 15:13:53,12350.0,218.0,1537.0
117679,09/24/2020,Canarias,Spain,2021-04-02 15:13:53,12487.0,218.0,1537.0
118425,09/25/2020,Canarias,Spain,2021-04-02 15:13:53,12762.0,220.0,1537.0
119171,09/26/2020,Canarias,Spain,2021-04-02 15:13:53,12762.0,220.0,1537.0
119917,09/27/2020,Canarias,Spain,2021-04-02 15:13:53,12762.0,220.0,1537.0
120663,09/28/2020,Canarias,Spain,2021-04-02 15:13:53,13243.0,232.0,1537.0
121409,09/29/2020,Canarias,Spain,2021-04-02 15:13:53,13243.0,232.0,1537.0
122155,09/30/2020,Canarias,Spain,2021-04-02 15:13:53,13485.0,232.0,1537.0
122901,10/01/2020,Canarias,Spain,2021-04-02 15:13:53,13676.0,232.0,1537.0
123647,10/02/2020,Canarias,Spain,2021-04-02 15:13:53,13880.0,236.0,1537.0
124393,10/03/2020,Canarias,Spain,2021-04-02 15:13:53,13880.0,236.0,1537.0
125139,10/04/2020,Canarias,Spain,2021-04-02 15:13:53,13880.0,236.0,1537.0
125885,10/05/2020,Canarias,Spain,2021-04-02 15:13:53,14271.0,237.0,1537.0
126631,10/06/2020,Canarias,Spain,2021-04-02 15:13:53,14347.0,239.0,1537.0
127377,10/07/2020,Canarias,Spain,2021-04-02 15:13:53,14463.0,239.0,1537.0
128123,10/08/2020,Canarias,Spain,2021-04-02 15:13:53,14588.0,240.0,1537.0
128869,10/09/2020,Canarias,Spain,2021-04-02 15:13:53,14775.0,241.0,1537.0
129615,10/10/2020,Canarias,Spain,2021-04-02 15:13:53,14775.0,241.0,1537.0
130361,10/11/2020,Canarias,Spain,2021-04-02 15:13:53,14775.0,241.0,1537.0
131108,10/12/2020,Canarias,Spain,2021-04-02 15:13:53,15173.0,247.0,1537.0
131855,10/13/2020,Canarias,Spain,2021-04-02 15:13:53,15236.0,248.0,1537.0
132602,10/14/2020,Canarias,Spain,2021-04-02 15:13:53,15303.0,250.0,1537.0
133349,10/15/2020,Canarias,Spain,2021-04-02 15:13:53,15425.0,250.0,1537.0
134096,10/16/2020,Canarias,Spain,2021-04-02 15:13:53,15572.0,251.0,1537.0
134843,10/17/2020,Canarias,Spain,2021-04-02 15:13:53,15572.0,251.0,1537.0
135590,10/18/2020,Canarias,Spain,2021-04-02 15:13:53,15572.0,251.0,1537.0
136337,10/19/2020,Canarias,Spain,2021-04-02 15:13:53,15955.0,257.0,1537.0
137084,10/20/2020,Canarias,Spain,2021-04-02 15:13:53,16082.0,259.0,1537.0
137831,10/21/2020,Canarias,Spain,2021-04-02 15:13:53,16239.0,265.0,1537.0
138578,10/22/2020,Canarias,Spain,2021-04-02 15:13:53,16398.0,266.0,1537.0
139325,10/23/2020,Canarias,Spain,2021-04-02 15:13:53,16547.0,267.0,1537.0
140072,10/24/2020,Canarias,Spain,2021-04-02 15:13:53,16547.0,267.0,1537.0
140819,10/25/2020,Canarias,Spain,2021-04-02 15:13:53,16547.0,267.0,1537.0
141566,10/26/2020,Canarias,Spain,2021-04-02 15:13:53,16882.0,270.0,1537.0
142313,10/27/2020,Canarias,Spain,2021-04-02 15:13:53,16906.0,273.0,1537.0
143061,10/28/2020,Canarias,Spain,2021-04-02 15:13:53,17000.0,277.0,1537.0
143809,10/29/2020,Canarias,Spain,2021-04-02 15:13:53,17149.0,278.0,1537.0
144557,10/30/2020,Canarias,Spain,2021-04-02 15:13:53,17263.0,282.0,1537.0
145305,10/31/2020,Canarias,Spain,2021-04-02 15:13:53,17263.0,282.0,1537.0
146053,11/01/2020,Canarias,Spain,2021-04-02 15:13:53,17263.0,282.0,1537.0
146801,11/02/2020,Canarias,Spain,2021-04-02 15:13:53,17612.0,286.0,1537.0
147549,11/03/2020,Canarias,Spain,2021-04-02 15:13:53,17672.0,289.0,1537.0
148297,11/04/2020,Canarias,Spain,2021-04-02 15:13:53,17758.0,294.0,1537.0
149045,11/05/2020,Canarias,Spain,2021-04-02 15:13:53,17916.0,295.0,1537.0
149793,11/06/2020,Canarias,Spain,2021-04-02 15:13:53,18088.0,296.0,1537.0
150541,11/07/2020,Canarias,Spain,2021-04-02 15:13:53,18088.0,296.0,1537.0
151289,11/08/2020,Canarias,Spain,2021-04-02 15:13:53,18088.0,296.0,1537.0
152037,11/09/2020,Canarias,Spain,2021-04-02 15:13:53,18547.0,301.0,1537.0
152786,11/10/2020,Canarias,Spain,2021-04-02 15:13:53,18547.0,301.0,1537.0
153535,11/11/2020,Canarias,Spain,2021-04-02 15:13:53,18772.0,308.0,1537.0
154285,11/12/2020,Canarias,Spain,2021-04-02 15:13:53,18891.0,310.0,1537.0
155046,11/13/2020,Canarias,Spain,2021-04-02 15:13:53,19019.0,311.0,1537.0
155807,11/14/2020,Canarias,Spain,2021-04-02 15:13:53,19019.0,311.0,1537.0
156568,11/15/2020,Canarias,Spain,2021-04-02 15:13:53,19019.0,311.0,1537.0
157329,11/16/2020,Canarias,Spain,2021-04-02 15:13:53,19360.0,312.0,1537.0
158090,11/17/2020,Canarias,Spain,2021-04-02 15:13:53,19456.0,318.0,1537.0
158851,11/18/2020,Canarias,Spain,2021-04-02 15:13:53,19605.0,319.0,1537.0
159612,11/19/2020,Canarias,Spain,2021-04-02 15:13:53,19753.0,321.0,1537.0
160373,11/20/2020,Canarias,Spain,2021-04-02 15:13:53,19869.0,322.0,1537.0
161134,11/21/2020,Canarias,Spain,2021-04-02 15:13:53,19869.0,322.0,1537.0
161895,11/22/2020,Canarias,Spain,2021-04-02 15:13:53,19869.0,322.0,1537.0
162656,11/23/2020,Canarias,Spain,2021-04-02 15:13:53,20207.0,326.0,1537.0
163417,11/24/2020,Canarias,Spain,2021-04-02 15:13:53,20331.0,333.0,1537.0
164179,11/25/2020,Canarias,Spain,2021-04-02 15:13:53,20481.0,334.0,1537.0
164941,11/26/2020,Canarias,Spain,2021-04-02 15:13:53,20615.0,336.0,1537.0
165703,11/27/2020,Canarias,Spain,2021-04-02 15:13:53,20730.0,339.0,1537.0
166465,11/28/2020,Canarias,Spain,2021-04-02 15:13:53,20730.0,339.0,1537.0
167227,11/29/2020,Canarias,Spain,2021-04-02 15:13:53,20730.0,339.0,1537.0
167989,11/30/2020,Canarias,Spain,2021-04-02 15:13:53,21075.0,344.0,1537.0
168751,12/01/2020,Canarias,Spain,2021-04-02 15:13:53,21185.0,344.0,1537.0
169513,12/02/2020,Canarias,Spain,2021-04-02 15:13:53,21374.0,345.0,1537.0
170275,12/03/2020,Canarias,Spain,2021-04-02 15:13:53,21591.0,346.0,1537.0
171037,12/04/2020,Canarias,Spain,2021-04-02 15:13:53,21753.0,346.0,1537.0
171799,12/05/2020,Canarias,Spain,2021-04-02 15:13:53,21753.0,346.0,1537.0
172561,12/06/2020,Canarias,Spain,2021-04-02 15:13:53,21753.0,346.0,1537.0
173323,12/07/2020,Canarias,Spain,2021-04-02 15:13:53,21753.0,346.0,1537.0
174085,12/08/2020,Canarias,Spain,2021-04-02 15:13:53,21753.0,346.0,1537.0
174847,12/09/2020,Canarias,Spain,2021-04-02 15:13:53,22493.0,353.0,1537.0
175609,12/10/2020,Canarias,Spain,2021-04-02 15:13:53,22702.0,354.0,1537.0
176371,12/11/2020,Canarias,Spain,2021-04-02 15:13:53,22943.0,358.0,1537.0
177133,12/12/2020,Canarias,Spain,2021-04-02 15:13:53,22943.0,358.0,1537.0
177895,12/13/2020,Canarias,Spain,2021-04-02 15:13:53,22943.0,358.0,1537.0
178657,12/14/2020,Canarias,Spain,2021-04-02 15:13:53,23578.0,366.0,1537.0
179419,12/15/2020,Canarias,Spain,2021-04-02 15:13:53,23718.0,368.0,1537.0
180181,12/16/2020,Canarias,Spain,2021-04-02 15:13:53,24036.0,370.0,1537.0
180943,12/17/2020,Canarias,Spain,2021-04-02 15:13:53,24275.0,375.0,1537.0
181705,12/18/2020,Canarias,Spain,2021-04-02 15:13:53,24531.0,378.0,1537.0
182467,12/19/2020,Canarias,Spain,2021-04-02 15:13:53,24531.0,378.0,1537.0
183229,12/20/2020,Canarias,Spain,2021-04-02 15:13:53,24531.0,378.0,1537.0
183991,12/21/2020,Canarias,Spain,2021-04-02 15:13:53,25127.0,388.0,1537.0
184753,12/22/2020,Canarias,Spain,2021-04-02 15:13:53,25288.0,394.0,1537.0
185515,12/23/2020,Canarias,Spain,2021-04-02 15:13:53,25532.0,398.0,1537.0
186277,12/24/2020,Canarias,Spain,2021-04-02 15:13:53,25532.0,398.0,1537.0
187039,12/25/2020,Canarias,Spain,2021-04-02 15:13:53,25532.0,398.0,1537.0
187801,12/26/2020,Canarias,Spain,2021-04-02 15:13:53,25532.0,398.0,1537.0
188563,12/27/2020,Canarias,Spain,2021-04-02 15:13:53,25532.0,398.0,1537.0
189325,12/28/2020,Canarias,Spain,2021-04-02 15:13:53,26317.0,408.0,1537.0
190087,12/29/2020,Canarias,Spain,2021-04-02 15:13:53,26568.0,411.0,1537.0
190849,12/30/2020,Canarias,Spain,2021-04-02 15:13:53,26859.0,414.0,1537.0
191611,12/31/2020,Canarias,Spain,2021-04-02 15:13:53,26859.0,415.0,1537.0
192373,01/01/2021,Canarias,Spain,2021-04-02 15:13:53,26859.0,415.0,1537.0
193135,01/02/2021,Canarias,Spain,2021-04-02 15:13:53,26859.0,415.0,1537.0
193897,01/03/2021,Canarias,Spain,2021-04-02 15:13:53,26859.0,415.0,1537.0
194660,01/04/2021,Canarias,Spain,2021-04-02 15:13:53,27888.0,429.0,1537.0
195423,01/05/2021,Canarias,Spain,2021-04-02 15:13:53,28121.0,439.0,1537.0
196186,01/06/2021,Canarias,Spain,2021-04-02 15:13:53,28121.0,439.0,1537.0
196949,01/07/2021,Canarias,Spain,2021-04-02 15:13:53,28590.0,443.0,1537.0
197712,01/08/2021,Canarias,Spain,2021-04-02 15:13:53,28827.0,447.0,1537.0
198475,01/09/2021,Canarias,Spain,2021-04-02 15:13:53,28827.0,447.0,1537.0
199238,01/10/2021,Canarias,Spain,2021-04-02 15:13:53,28827.0,447.0,1537.0
200001,01/11/2021,Canarias,Spain,2021-04-02 15:13:53,29626.0,451.0,1537.0
200764,01/12/2021,Canarias,Spain,2021-04-02 15:13:53,29872.0,453.0,1537.0
201527,01/13/2021,Canarias,Spain,2021-04-02 15:13:53,30245.0,457.0,1537.0
202290,01/14/2021,Canarias,Spain,2021-04-02 15:13:53,30602.0,461.0,1537.0
203053,01/15/2021,Canarias,Spain,2021-04-02 15:13:53,30972.0,466.0,1537.0
203816,01/16/2021,Canarias,Spain,2021-04-02 15:13:53,30972.0,466.0,1537.0
204579,01/17/2021,Canarias,Spain,2021-04-02 15:13:53,30972.0,466.0,1537.0
205342,01/18/2021,Canarias,Spain,2021-04-02 15:13:53,31699.0,476.0,1537.0
206105,01/19/2021,Canarias,Spain,2021-04-02 15:13:53,32010.0,484.0,1537.0
206868,01/20/2021,Canarias,Spain,2021-04-02 15:13:53,32309.0,490.0,1537.0
207632,01/21/2021,Canarias,Spain,2021-04-02 15:13:53,32638.0,493.0,1537.0
208396,01/22/2021,Canarias,Spain,2021-04-02 15:13:53,32971.0,494.0,1537.0
209160,01/23/2021,Canarias,Spain,2021-04-02 15:13:53,32971.0,494.0,1537.0
209924,01/24/2021,Canarias,Spain,2021-04-02 15:13:53,32971.0,494.0,1537.0
210688,01/25/2021,Canarias,Spain,2021-04-02 15:13:53,33785.0,513.0,1537.0
211452,01/26/2021,Canarias,Spain,2021-04-02 15:13:53,34013.0,515.0,1537.0
212216,01/27/2021,Canarias,Spain,2021-04-02 15:13:53,34350.0,516.0,1537.0
212980,01/28/2021,Canarias,Spain,2021-04-02 15:13:53,34681.0,520.0,1537.0
213744,01/29/2021,Canarias,Spain,2021-04-02 15:13:53,35014.0,524.0,1537.0
214508,01/30/2021,Canarias,Spain,2021-04-02 15:13:53,35014.0,524.0,1537.0
215272,01/31/2021,Canarias,Spain,2021-04-02 15:13:53,35014.0,524.0,1537.0
216036,02/01/2021,Canarias,Spain,2021-04-02 15:13:53,35729.0,531.0,1537.0
216800,02/02/2021,Canarias,Spain,2021-04-02 15:13:53,35941.0,533.0,1537.0
217564,02/03/2021,Canarias,Spain,2021-04-02 15:13:53,36176.0,537.0,1537.0
218328,02/04/2021,Canarias,Spain,2021-04-02 15:13:53,36430.0,540.0,1537.0
219092,02/05/2021,Canarias,Spain,2021-04-02 15:13:53,36678.0,542.0,1537.0
219856,02/06/2021,Canarias,Spain,2021-04-02 15:13:53,36678.0,542.0,1537.0
220620,02/07/2021,Canarias,Spain,2021-04-02 15:13:53,36678.0,542.0,1537.0
221384,02/08/2021,Canarias,Spain,2021-04-02 15:13:53,37248.0,549.0,1537.0
222148,02/09/2021,Canarias,Spain,2021-04-02 15:13:53,37422.0,550.0,1537.0
222912,02/10/2021,Canarias,Spain,2021-04-02 15:13:53,37634.0,553.0,1537.0
223676,02/11/2021,Canarias,Spain,2021-04-02 15:13:53,37869.0,554.0,1537.0
224440,02/12/2021,Canarias,Spain,2021-04-02 15:13:53,38170.0,558.0,1537.0
225204,02/13/2021,Canarias,Spain,2021-04-02 15:13:53,38170.0,558.0,1537.0
225968,02/14/2021,Canarias,Spain,2021-04-02 15:13:53,38170.0,558.0,1537.0
226732,02/15/2021,Canarias,Spain,2021-04-02 15:13:53,38668.0,565.0,1537.0
227496,02/16/2021,Canarias,Spain,2021-04-02 15:13:53,38794.0,567.0,1537.0
228260,02/17/2021,Canarias,Spain,2021-04-02 15:13:53,38967.0,568.0,1537.0
229024,02/18/2021,Canarias,Spain,2021-04-02 15:13:53,39081.0,571.0,1537.0
229788,02/19/2021,Canarias,Spain,2021-04-02 15:13:53,39249.0,572.0,1537.0
230552,02/20/2021,Canarias,Spain,2021-04-02 15:13:53,39249.0,572.0,1537.0
231316,02/21/2021,Canarias,Spain,2021-04-02 15:13:53,39249.0,572.0,1537.0
232080,02/22/2021,Canarias,Spain,2021-04-02 15:13:53,39693.0,580.0,1537.0
232844,02/23/2021,Canarias,Spain,2021-04-02 15:13:53,39884.0,582.0,1537.0
233608,02/24/2021,Canarias,Spain,2021-04-02 15:13:53,40104.0,585.0,1537.0
234372,02/25/2021,Canarias,Spain,2021-04-02 15:13:53,40268.0,588.0,1537.0
235136,02/26/2021,Canarias,Spain,2021-04-02 15:13:53,40477.0,589.0,1537.0
235900,02/27/2021,Canarias,Spain,2021-04-02 15:13:53,40477.0,589.0,1537.0
236153,02/27/2021,Nagasaki,Japan,2021-04-02 15:13:53,1610.0,36.0,1537.0
236664,02/28/2021,Canarias,Spain,2021-04-02 15:13:53,40477.0,589.0,1537.0
237428,03/01/2021,Canarias,Spain,2021-04-02 15:13:53,40887.0,596.0,1537.0
238192,03/02/2021,Canarias,Spain,2021-04-02 15:13:53,41058.0,599.0,1537.0
238956,03/03/2021,Canarias,Spain,2021-04-02 15:13:53,41250.0,606.0,1537.0
239720,03/04/2021,Canarias,Spain,2021-04-02 15:13:53,41421.0,606.0,1537.0
240484,03/05/2021,Canarias,Spain,2021-04-02 15:13:53,41635.0,607.0,1537.0
241248,03/06/2021,Canarias,Spain,2021-04-02 15:13:53,41635.0,607.0,1537.0
242012,03/07/2021,Canarias,Spain,2021-04-02 15:13:53,41635.0,607.0,1537.0
242776,03/08/2021,Canarias,Spain,2021-04-02 15:13:53,42114.0,617.0,1537.0
243540,03/09/2021,Canarias,Spain,2021-04-02 15:13:53,42326.0,620.0,1537.0
244304,03/10/2021,Canarias,Spain,2021-04-02 15:13:53,42548.0,622.0,1537.0
245068,03/11/2021,Canarias,Spain,2021-04-02 15:13:53,42777.0,623.0,1537.0
245832,03/12/2021,Canarias,Spain,2021-04-02 15:13:53,43023.0,626.0,1537.0
246596,03/13/2021,Canarias,Spain,2021-04-02 15:13:53,43023.0,626.0,1537.0
247360,03/14/2021,Canarias,Spain,2021-04-02 15:13:53,43023.0,626.0,1537.0
248124,03/15/2021,Canarias,Spain,2021-04-02 15:13:53,43531.0,630.0,1537.0
248888,03/16/2021,Canarias,Spain,2021-04-02 15:13:53,43795.0,636.0,1537.0
249652,03/17/2021,Canarias,Spain,2021-04-02 15:13:53,44041.0,640.0,1537.0
250416,03/18/2021,Canarias,Spain,2021-04-02 15:13:53,44260.0,641.0,1537.0
251180,03/19/2021,Canarias,Spain,2021-04-02 15:13:53,44260.0,641.0,1537.0
251944,03/20/2021,Canarias,Spain,2021-04-02 15:13:53,44260.0,641.0,1537.0
252708,03/21/2021,Canarias,Spain,2021-04-02 15:13:53,44260.0,641.0,1537.0
253472,03/22/2021,Canarias,Spain,2021-04-02 15:13:53,45081.0,653.0,1537.0
254236,03/23/2021,Canarias,Spain,2021-04-02 15:13:53,45324.0,655.0,1537.0
255000,03/24/2021,Canarias,Spain,2021-04-02 15:13:53,45324.0,655.0,1537.0
255764,03/25/2021,Canarias,Spain,2021-04-02 15:13:53,45809.0,661.0,1537.0
256528,03/26/2021,Canarias,Spain,2021-04-02 15:13:53,46004.0,663.0,1537.0
257292,03/27/2021,Canarias,Spain,2021-04-02 15:13:53,46004.0,663.0,1537.0
258056,03/28/2021,Canarias,Spain,2021-04-02 15:13:53,46004.0,663.0,1537.0
258820,03/29/2021,Canarias,Spain,2021-04-02 15:13:53,46445.0,670.0,1537.0
259584,03/30/2021,Canarias,Spain,2021-04-02 15:13:53,46649.0,672.0,1537.0
260348,03/31/2021,Canarias,Spain,2021-04-02 15:13:53,46880.0,676.0,1537.0
261112,04/01/2021,Canarias,Spain,2021-04-02 15:13:53,47098.0,677.0,1537.0
261876,04/02/2021,Canarias,Spain,2021-04-03 04:20:44,47098.0,677.0,1537.0
262640,04/03/2021,Canarias,Spain,2021-04-04 04:20:49,47422.0,682.0,1537.0
263404,04/04/2021,Canarias,Spain,2021-04-05 04:20:35,47422.0,682.0,1537.0
264168,04/05/2021,Canarias,Spain,2021-04-06 04:20:32,47778.0,685.0,1537.0
264932,04/06/2021,Canarias,Spain,2021-04-07 04:20:53,47994.0,686.0,1537.0
265696,04/07/2021,Canarias,Spain,2021-04-08 04:21:13,48230.0,687.0,1537.0
266460,04/08/2021,Canarias,Spain,2021-04-09 04:21:13,48460.0,690.0,1537.0
267224,04/09/2021,Canarias,Spain,2021-04-10 04:20:59,48788.0,693.0,1537.0
267988,04/10/2021,Canarias,Spain,2021-04-11 04:20:56,48788.0,693.0,1537.0
268752,04/11/2021,Canarias,Spain,2021-04-12 04:21:00,48788.0,693.0,1537.0
269516,04/12/2021,Canarias,Spain,2021-04-13 04:20:37,49418.0,698.0,1537.0
270280,04/13/2021,Canarias,Spain,2021-04-14 04:20:41,49630.0,699.0,1537.0
271044,04/14/2021,Canarias,Spain,2021-04-15 04:20:54,49828.0,701.0,1537.0
271808,04/15/2021,Canarias,Spain,2021-04-16 04:20:46,50040.0,706.0,1537.0
272572,04/16/2021,Canarias,Spain,2021-04-17 04:20:40,50321.0,708.0,1537.0
273336,04/17/2021,Canarias,Spain,2021-04-18 04:20:41,50321.0,708.0,1537.0
274100,04/18/2021,Canarias,Spain,2021-04-19 04:20:57,50321.0,708.0,1537.0
274864,04/19/2021,Canarias,Spain,2021-04-20 04:20:41,50881.0,714.0,1537.0
275628,04/20/2021,Canarias,Spain,2021-04-21 04:21:14,50881.0,714.0,1537.0
276392,04/21/2021,Canarias,Spain,2021-04-22 04:20:53,51233.0,716.0,1537.0
277156,04/22/2021,Canarias,Spain,2021-04-23 04:20:52,51452.0,717.0,1537.0
277920,04/23/2021,Canarias,Spain,2021-04-24 04:20:38,51617.0,721.0,1537.0
278684,04/24/2021,Canarias,Spain,2021-04-25 04:20:32,51617.0,721.0,1537.0
279448,04/25/2021,Canarias,Spain,2021-04-26 04:21:04,51617.0,721.0,1537.0
280212,04/26/2021,Canarias,Spain,2021-04-27 04:20:52,52033.0,724.0,1537.0
280976,04/27/2021,Canarias,Spain,2021-04-28 04:20:32,52197.0,725.0,1537.0
281740,04/28/2021,Canarias,Spain,2021-04-29 04:20:55,52332.0,727.0,1537.0
282504,04/29/2021,Canarias,Spain,2021-04-30 04:21:03,52505.0,728.0,1537.0
283268,04/30/2021,Canarias,Spain,2021-05-01 04:20:47,52655.0,731.0,1537.0
284032,05/01/2021,Canarias,Spain,2021-05-02 04:20:48,52655.0,731.0,1537.0
284796,05/02/2021,Canarias,Spain,2021-05-03 04:20:39,52655.0,731.0,1537.0
51489,06/27/2020,,Panama,2021-04-02 15:13:53,30658.0,592.0,15370.0
158722,11/18/2020,,Portugal,2021-04-02 15:13:53,236015.0,3632.0,153702.0
248712,03/16/2021,,Jamaica,2021-04-02 15:13:53,31907.0,494.0,15371.0
73362,07/26/2020,Tabasco,Mexico,2021-04-02 15:13:53,19556.0,1833.0,15372.0
207795,01/21/2021,Kherson Oblast,Ukraine,2021-04-02 15:13:53,19976.0,540.0,15372.0
46826,06/20/2020,Rio Grande do Sul,Brazil,2021-04-02 15:13:53,18587.0,430.0,15373.0
180800,12/17/2020,,Namibia,2021-04-02 15:13:53,17607.0,164.0,15373.0
214511,01/30/2021,Caqueta,Colombia,2021-04-02 15:13:53,16541.0,589.0,15373.0
279998,04/26/2021,,Czech Republic,2021-04-27 04:20:52,1620206.0,29002.0,1537362.0
208989,01/23/2021,,Kuwait,2021-04-02 15:13:53,160901.0,952.0,153746.0
137803,10/21/2020,Balochistan,Pakistan,2021-04-02 15:13:53,15738.0,148.0,15375.0
199936,01/11/2021,Amur Oblast,Russia,2021-04-02 15:13:53,17269.0,105.0,15375.0
280652,04/26/2021,Tyva Republic,Russia,2021-04-27 04:20:52,15804.0,202.0,15375.0
200651,01/12/2021,,Slovakia,2021-04-02 15:13:53,211479.0,3102.0,153755.0
104529,09/06/2020,Niedersachsen,Germany,2021-04-02 15:13:53,17266.0,665.0,15376.0
277054,04/22/2021,,Syria,2021-04-23 04:20:52,21725.0,1496.0,15376.0
183195,12/20/2020,Baden-Wurttemberg,Germany,2021-04-02 15:13:53,212221.0,3969.0,153760.0
95152,08/25/2020,,Iraq,2021-04-02 15:13:53,211947.0,6596.0,153761.0
142556,10/27/2020,Murmansk Oblast,Russia,2021-04-02 15:13:53,19067.0,280.0,15377.0
216411,02/01/2021,Sao Paulo,Brazil,2021-04-02 15:13:53,1779722.0,53090.0,1537739.0
217175,02/02/2021,Sao Paulo,Brazil,2021-04-02 15:13:53,1794019.0,53455.0,1537739.0
249520,03/17/2021,,Paraguay,2021-04-02 15:13:53,185888.0,3588.0,153781.0
220471,02/07/2021,,Moldova,2021-04-02 15:13:53,164569.0,3543.0,153785.0
265558,04/07/2021,,Nigeria,2021-04-08 04:21:13,163498.0,2058.0,153788.0
31692,05/29/2020,Veneto,Italy,2021-04-02 15:13:53,19134.0,1906.0,15379.0
197872,01/08/2021,Khakassia Republic,Russia,2021-04-02 15:13:53,18324.0,300.0,15379.0
208590,01/22/2021,Lipetsk Oblast,Russia,2021-04-02 15:13:53,19568.0,346.0,15379.0
219744,02/06/2021,,Slovenia,2021-04-02 15:13:53,173201.0,3612.0,153791.0
26619,05/19/2020,,Cuba,2021-04-02 15:13:53,1887.0,79.0,1538.0
29286,05/25/2020,,Estonia,2021-04-02 15:13:53,1824.0,65.0,1538.0
38841,06/09/2020,Stavropol Krai,Russia,2021-04-02 15:13:53,3253.0,63.0,1538.0
49025,06/23/2020,Rivne Oblast,Ukraine,2021-04-02 15:13:53,3038.0,58.0,1538.0
55416,07/02/2020,Kaliningrad Oblast,Russia,2021-04-02 15:13:53,2472.0,38.0,1538.0
64478,07/14/2020,Tripura,India,2021-04-02 15:13:53,2170.0,2.0,1538.0
68383,07/20/2020,,Slovakia,2021-04-02 15:13:53,1980.0,28.0,1538.0
69128,07/21/2020,,Slovakia,2021-04-02 15:13:53,2021.0,28.0,1538.0
91464,08/20/2020,,New Zealand,2021-04-02 15:13:53,1665.0,22.0,1538.0
92209,08/21/2020,,New Zealand,2021-04-02 15:13:53,1671.0,22.0,1538.0
92954,08/22/2020,,New Zealand,2021-04-02 15:13:53,1674.0,22.0,1538.0
93699,08/23/2020,,New Zealand,2021-04-02 15:13:53,1683.0,22.0,1538.0
196021,01/06/2021,,Lesotho,2021-04-02 15:13:53,4137.0,73.0,1538.0
212759,01/28/2021,,Comoros,2021-04-02 15:13:53,2598.0,85.0,1538.0
219926,02/06/2021,Fukushima,Japan,2021-04-02 15:13:53,1775.0,56.0,1538.0
236950,02/28/2021,Nova Scotia,Canada,2021-04-02 15:13:53,1641.0,65.0,1538.0
274229,04/18/2021,Isle of Man,UK,2021-04-19 04:20:57,1577.0,29.0,1538.0
274993,04/19/2021,Isle of Man,UK,2021-04-20 04:20:41,1577.0,29.0,1538.0
220806,02/07/2021,Lazio,Italy,2021-04-02 15:13:53,212420.0,5259.0,153803.0
150880,11/07/2020,Rheinland-Pfalz,Germany,2021-04-02 15:13:53,25721.0,316.0,15381.0
81556,08/06/2020,Sonora,Mexico,2021-04-02 15:13:53,18597.0,2186.0,15382.0
84308,08/10/2020,Khanty-Mansi Autonomous Okrug,Russia,2021-04-02 15:13:53,17886.0,141.0,15382.0
138550,10/22/2020,Balochistan,Pakistan,2021-04-02 15:13:53,15767.0,148.0,15382.0
239900,03/04/2021,La Guajira,Colombia,2021-04-02 15:13:53,16276.0,637.0,15382.0
64360,07/14/2020,Parana,Brazil,2021-04-02 15:13:53,45363.0,1146.0,15383.0
65092,07/15/2020,Parana,Brazil,2021-04-02 15:13:53,47124.0,1200.0,15383.0
29665,05/25/2020,Unknown,Brazil,2021-04-02 15:13:53,0.0,0.0,153833.0
115283,09/21/2020,,Libya,2021-04-02 15:13:53,28796.0,450.0,15384.0
226662,02/15/2021,Altai Republic,Russia,2021-04-02 15:13:53,15935.0,143.0,15384.0
231560,02/21/2021,Mordovia Republic,Russia,2021-04-02 15:13:53,17453.0,154.0,15385.0
206624,01/20/2021,,Armenia,2021-04-02 15:13:53,165221.0,3016.0,153857.0
41930,06/14/2020,,Israel,2021-04-02 15:13:53,19136.0,305.0,15386.0
139297,10/23/2020,Balochistan,Pakistan,2021-04-02 15:13:53,15791.0,148.0,15386.0
153419,11/11/2020,,Senegal,2021-04-02 15:13:53,15735.0,326.0,15386.0
154167,11/12/2020,,Senegal,2021-04-02 15:13:53,15744.0,326.0,15386.0
168330,11/30/2020,Quindio,Colombia,2021-04-02 15:13:53,17186.0,453.0,15386.0
261393,04/01/2021,North Ossetia - Alania Republic,Russia,2021-04-02 15:13:53,16354.0,161.0,15386.0
281416,04/27/2021,Tyva Republic,Russia,2021-04-28 04:20:32,15806.0,202.0,15387.0
170714,12/03/2020,Tyumen Oblast,Russia,2021-04-02 15:13:53,18749.0,135.0,15388.0
69096,07/21/2020,,Morocco,2021-04-02 15:13:53,17742.0,280.0,15389.0
81028,08/06/2020,,Nepal,2021-04-02 15:13:53,21750.0,65.0,15389.0
133454,10/15/2020,Himachal Pradesh,India,2021-04-02 15:13:53,18303.0,260.0,15389.0
162669,11/23/2020,Chandigarh,India,2021-04-02 15:13:53,16769.0,263.0,15389.0
215275,01/31/2021,Caqueta,Colombia,2021-04-02 15:13:53,16544.0,594.0,15389.0
20203,04/30/2020,,Kuwait,2020-05-01 02:32:28,4024.0,26.0,1539.0
31029,05/28/2020,Osaka,Japan,2021-04-02 15:13:53,1782.0,82.0,1539.0
31586,05/29/2020,Osaka,Japan,2021-04-02 15:13:53,1782.0,82.0,1539.0
32766,05/31/2020,Sonora,Mexico,2021-04-02 15:13:53,2091.0,111.0,1539.0
53802,06/30/2020,Bremen,Germany,2021-04-02 15:13:53,1670.0,53.0,1539.0
71673,07/24/2020,Magallanes,Chile,2021-04-02 15:13:53,1631.0,28.0,1539.0
75325,07/29/2020,Ivano-Frankivsk Oblast,Ukraine,2021-04-02 15:13:53,4342.0,136.0,1539.0
94444,08/24/2020,,New Zealand,2021-04-02 15:13:53,1690.0,22.0,1539.0
95189,08/25/2020,,New Zealand,2021-04-02 15:13:53,1695.0,22.0,1539.0
146102,11/01/2020,Donetsk Oblast,Ukraine,2021-04-02 15:13:53,10937.0,120.0,1539.0
169292,12/02/2020,,Chad,2021-04-02 15:13:53,1705.0,102.0,1539.0
170054,12/03/2020,,Chad,2021-04-02 15:13:53,1708.0,102.0,1539.0
194836,01/04/2021,Kumamoto,Japan,2021-04-02 15:13:53,1987.0,24.0,1539.0
236917,02/28/2021,Nagasaki,Japan,2021-04-02 15:13:53,1612.0,36.0,1539.0
151570,11/08/2020,Novosibirsk Oblast,Russia,2021-04-02 15:13:53,18739.0,621.0,15390.0
211811,01/26/2021,Sachsen,Germany,2021-04-02 15:13:53,175936.0,5914.0,153900.0
212575,01/27/2021,Sachsen,Germany,2021-04-02 15:13:53,177144.0,5993.0,153900.0
77152,07/31/2020,Veracruz,Mexico,2021-04-02 15:13:53,20852.0,2755.0,15391.0
211300,01/26/2021,,Mauritania,2021-04-02 15:13:53,16460.0,418.0,15391.0
110351,09/14/2020,Islamabad,Pakistan,2021-04-02 15:13:53,15962.0,178.0,15392.0
167633,11/29/2020,Sucre,Colombia,2021-04-02 15:13:53,16465.0,646.0,15392.0
217670,02/03/2021,Hessen,Germany,2021-04-02 15:13:53,174489.0,5050.0,153924.0
229358,02/18/2021,Punjab,Pakistan,2021-04-02 15:13:53,166242.0,5166.0,153924.0
186075,12/24/2020,,Estonia,2021-04-02 15:13:53,24009.0,195.0,15393.0
61960,07/11/2020,Haryana,India,2021-04-02 15:13:53,20582.0,297.0,15394.0
108339,09/11/2020,Rostov Oblast,Russia,2021-04-02 15:13:53,18549.0,393.0,15394.0
233785,02/24/2021,Kurgan Oblast,Russia,2021-04-02 15:13:53,17348.0,293.0,15394.0
143902,10/29/2020,Gujarat,India,2021-04-02 15:13:53,170878.0,3705.0,153941.0
20402,04/30/2020,Recovered,US,2020-05-01 02:32:28,0.0,0.0,153947.0
83807,08/09/2020,Tamaulipas,Mexico,2021-04-02 15:13:53,17988.0,1312.0,15395.0
123072,10/01/2020,Krasnoyarsk Krai,Russia,2021-04-02 15:13:53,20117.0,554.0,15396.0
140044,10/24/2020,Balochistan,Pakistan,2021-04-02 15:13:53,15801.0,148.0,15396.0
216758,02/02/2021,Astrakhan Oblast,Russia,2021-04-02 15:13:53,24794.0,488.0,15396.0
185848,12/23/2020,Punjab,India,2021-04-02 15:13:53,164145.0,5243.0,153964.0
80763,08/05/2020,Rio de Janeiro,Brazil,2021-04-02 15:13:53,172679.0,13855.0,153966.0
154341,11/12/2020,Espirito Santo,Brazil,2021-04-02 15:13:53,166853.0,3980.0,153977.0
269381,04/12/2021,,Oman,2021-04-13 04:20:37,173029.0,1789.0,153986.0
30726,05/28/2020,,Qatar,2021-04-02 15:13:53,50914.0,33.0,15399.0
176549,12/11/2020,Kursk Oblast,Russia,2021-04-02 15:13:53,17151.0,234.0,15399.0
13014,04/08/2020,,Albania,2020-04-08 22:59:00,400.0,22.0,154.0
15834,04/16/2020,Isle of Man,UK,2020-04-16 23:38:19,284.0,4.0,154.0
18794,04/25/2020,Shanxi,Mainland China,2020-04-26 02:31:18,197.0,0.0,154.0
20270,04/30/2020,,Sri Lanka,2020-05-01 02:32:28,663.0,7.0,154.0
20676,05/01/2020,Inner Mongolia,Mainland China,2020-05-02 02:32:27,201.0,1.0,154.0
21002,05/02/2020,Inner Mongolia,Mainland China,2020-05-03 02:32:28,201.0,1.0,154.0
21142,05/03/2020,,El Salvador,2020-05-04 02:32:28,490.0,11.0,154.0
22468,05/07/2020,,Honduras,2021-04-02 15:13:53,1685.0,105.0,154.0
30695,05/28/2020,,Madagascar,2021-04-02 15:13:53,656.0,2.0,154.0
33278,06/01/2020,Mykolaiv Oblast,Ukraine,2021-04-02 15:13:53,294.0,7.0,154.0
33343,06/01/2020,Port Quarantine,Japan,2021-04-02 15:13:53,199.0,0.0,154.0
34009,06/02/2020,Port Quarantine,Japan,2021-04-02 15:13:53,200.0,0.0,154.0
34676,06/03/2020,Port Quarantine,Japan,2021-04-02 15:13:53,203.0,0.0,154.0
35343,06/04/2020,Port Quarantine,Japan,2021-04-02 15:13:53,203.0,0.0,154.0
36021,06/05/2020,Port Quarantine,Japan,2021-04-02 15:13:53,209.0,0.0,154.0
48700,06/23/2020,Cayman Islands,UK,2021-04-02 15:13:53,195.0,1.0,154.0
49322,06/24/2020,,Suriname,2021-04-02 15:13:53,357.0,10.0,154.0
51614,06/27/2020,Caldas,Colombia,2021-04-02 15:13:53,243.0,8.0,154.0
51866,06/27/2020,New Brunswick,Canada,2021-04-02 15:13:53,165.0,2.0,154.0
56078,07/03/2020,Gansu,Mainland China,2021-04-02 15:13:53,164.0,2.0,154.0
56810,07/04/2020,Gansu,Mainland China,2021-04-02 15:13:53,167.0,2.0,154.0
57542,07/05/2020,Gansu,Mainland China,2021-04-02 15:13:53,167.0,2.0,154.0
58274,07/06/2020,Gansu,Mainland China,2021-04-02 15:13:53,167.0,2.0,154.0
62416,07/12/2020,,Guyana,2021-04-02 15:13:53,297.0,17.0,154.0
68393,07/20/2020,,Syria,2021-04-02 15:13:53,522.0,29.0,154.0
69312,07/21/2020,Gifu,Japan,2021-04-02 15:13:53,194.0,7.0,154.0
70057,07/22/2020,Gifu,Japan,2021-04-02 15:13:53,200.0,7.0,154.0
78324,08/02/2020,Kagoshima,Japan,2021-04-02 15:13:53,256.0,1.0,154.0
79070,08/03/2020,Kagoshima,Japan,2021-04-02 15:13:53,256.0,1.0,154.0
79623,08/04/2020,Arauca,Colombia,2021-04-02 15:13:53,248.0,5.0,154.0
80424,08/05/2020,Casanare,Colombia,2021-04-02 15:13:53,389.0,6.0,154.0
81303,08/06/2020,Jilin,Mainland China,2021-04-02 15:13:53,157.0,2.0,154.0
82049,08/07/2020,Jilin,Mainland China,2021-04-02 15:13:53,157.0,2.0,154.0
82795,08/08/2020,Jilin,Mainland China,2021-04-02 15:13:53,157.0,2.0,154.0
83541,08/09/2020,Jilin,Mainland China,2021-04-02 15:13:53,157.0,2.0,154.0
84287,08/10/2020,Jilin,Mainland China,2021-04-02 15:13:53,157.0,2.0,154.0
85033,08/11/2020,Jilin,Mainland China,2021-04-02 15:13:53,157.0,2.0,154.0
85369,08/11/2020,Wakayama,Japan,2021-04-02 15:13:53,184.0,4.0,154.0
85778,08/12/2020,Jilin,Mainland China,2021-04-02 15:13:53,157.0,2.0,154.0
86523,08/13/2020,Jilin,Mainland China,2021-04-02 15:13:53,157.0,2.0,154.0
87268,08/14/2020,Jilin,Mainland China,2021-04-02 15:13:53,157.0,2.0,154.0
88647,08/16/2020,Chukotka Autonomous Okrug,Russia,2021-04-02 15:13:53,164.0,1.0,154.0
89392,08/17/2020,Chukotka Autonomous Okrug,Russia,2021-04-02 15:13:53,164.0,1.0,154.0
90137,08/18/2020,Chukotka Autonomous Okrug,Russia,2021-04-02 15:13:53,164.0,1.0,154.0
101352,09/02/2020,Fukui,Japan,2021-04-02 15:13:53,236.0,8.0,154.0
101771,09/02/2020,Yamanashi,Japan,2021-04-02 15:13:53,173.0,4.0,154.0
103287,09/05/2020,,Barbados,2021-04-02 15:13:53,178.0,7.0,154.0
104032,09/06/2020,,Barbados,2021-04-02 15:13:53,178.0,7.0,154.0
104777,09/07/2020,,Barbados,2021-04-02 15:13:53,179.0,7.0,154.0
108076,09/11/2020,Guainia,Colombia,2021-04-02 15:13:53,340.0,9.0,154.0
125429,10/04/2020,Oita,Japan,2021-04-02 15:13:53,158.0,2.0,154.0
126175,10/05/2020,Oita,Japan,2021-04-02 15:13:53,158.0,2.0,154.0
126921,10/06/2020,Oita,Japan,2021-04-02 15:13:53,158.0,2.0,154.0
168042,11/30/2020,Ehime,Japan,2021-04-02 15:13:53,314.0,6.0,154.0
174255,12/08/2020,Kochi,Japan,2021-04-02 15:13:53,263.0,4.0,154.0
177521,12/12/2020,Shimane,Japan,2021-04-02 15:13:53,166.0,0.0,154.0
179807,12/15/2020,Shimane,Japan,2021-04-02 15:13:53,170.0,0.0,154.0
180676,12/16/2020,Yamagata,Japan,2021-04-02 15:13:53,296.0,1.0,154.0
213412,01/28/2021,Tottori,Japan,2021-04-02 15:13:53,199.0,2.0,154.0
256431,03/26/2021,,Timor-Leste,2021-04-02 15:13:53,452.0,0.0,154.0
274672,04/19/2021,,Grenada,2021-04-20 04:20:41,157.0,1.0,154.0
275436,04/20/2021,,Grenada,2021-04-21 04:21:14,157.0,1.0,154.0
276200,04/21/2021,,Grenada,2021-04-22 04:20:53,157.0,1.0,154.0
6501,03/18/2020,,South Korea,2020-03-18T02:53:03,8413.0,84.0,1540.0
6786,03/19/2020,,South Korea,2020-03-19T02:13:17,8565.0,91.0,1540.0
7079,03/20/2020,,South Korea,2020-03-20T02:13:46,8652.0,94.0,1540.0
7380,03/21/2020,,South Korea,2020-03-21T11:13:12,8799.0,102.0,1540.0
35755,06/05/2020,Chelyabinsk Oblast,Russia,2021-04-02 15:13:53,3371.0,23.0,1540.0
42684,06/15/2020,,Maldives,2021-04-02 15:13:53,2065.0,8.0,1540.0
52513,06/28/2020,Komi Republic,Russia,2021-04-02 15:13:53,3287.0,30.0,1540.0
63052,07/12/2020,Vinnytsia Oblast,Ukraine,2021-04-02 15:13:53,2097.0,37.0,1540.0
63404,07/13/2020,Goa,India,2021-04-02 15:13:53,2583.0,17.0,1540.0
100648,09/01/2020,Hokkaido,Japan,2021-04-02 15:13:53,1786.0,103.0,1540.0
123403,10/02/2020,,Andorra,2021-04-02 15:13:53,2110.0,53.0,1540.0
124149,10/03/2020,,Andorra,2021-04-02 15:13:53,2110.0,53.0,1540.0
124895,10/04/2020,,Andorra,2021-04-02 15:13:53,2110.0,53.0,1540.0
237681,03/01/2021,Nagasaki,Japan,2021-04-02 15:13:53,1612.0,36.0,1540.0
269014,04/11/2021,New Brunswick,Canada,2021-04-12 04:21:00,1722.0,33.0,1540.0
15435,04/15/2020,,Switzerland,2020-04-15 23:04:26,26336.0,1239.0,15400.0
154928,11/13/2020,,Senegal,2021-04-02 15:13:53,15755.0,326.0,15400.0
148501,11/04/2020,Maharashtra,India,2021-04-02 15:13:53,1698198.0,44548.0,1540005.0
266322,04/08/2021,,Nigeria,2021-04-09 04:21:13,163581.0,2058.0,154005.0
104742,09/06/2020,West Bengal,India,2021-04-02 15:13:53,180788.0,3562.0,154008.0
168395,11/30/2020,Sucre,Colombia,2021-04-02 15:13:53,16511.0,650.0,15401.0
246370,03/13/2021,,Cabo Verde,2021-04-02 15:13:53,16035.0,156.0,15401.0
166791,11/28/2020,Primorsky Krai,Russia,2021-04-02 15:13:53,21457.0,230.0,15402.0
282180,04/28/2021,Tyva Republic,Russia,2021-04-29 04:20:55,15807.0,202.0,15402.0
265609,04/07/2021,,Venezuela,2021-04-08 04:21:13,170189.0,1705.0,154023.0
244114,03/10/2021,,Guinea,2021-04-02 15:13:53,17208.0,101.0,15403.0
278537,04/24/2021,,Mongolia,2021-04-25 04:20:32,30483.0,78.0,15403.0
193611,01/02/2021,Vinnytsia Oblast,Ukraine,2021-04-02 15:13:53,22801.0,399.0,15404.0
171257,12/04/2020,Mato Grosso,Brazil,2021-04-02 15:13:53,160967.0,4123.0,154040.0
207387,01/21/2021,,Armenia,2021-04-02 15:13:53,165528.0,3021.0,154046.0
126270,10/05/2020,Sinaloa,Mexico,2021-04-02 15:13:53,19378.0,3317.0,15405.0
213742,01/29/2021,Campania,Italy,2021-04-02 15:13:53,219418.0,3725.0,154051.0
196976,01/07/2021,Chuvashia Republic,Russia,2021-04-02 15:13:53,17090.0,601.0,15406.0
198447,01/09/2021,Bashkortostan Republic,Russia,2021-04-02 15:13:53,20571.0,154.0,15406.0
265132,04/06/2021,Luhansk Oblast,Ukraine,2021-04-07 04:20:53,18418.0,562.0,15406.0
237300,03/01/2021,,Qatar,2021-04-02 15:13:53,164137.0,259.0,154061.0
255431,03/24/2021,Toscana,Italy,2021-04-02 15:13:53,185755.0,5176.0,154068.0
71327,07/24/2020,,Moldova,2021-04-02 15:13:53,22483.0,726.0,15407.0
152522,11/09/2020,Yamalo-Nenets Autonomous Okrug,Russia,2021-04-02 15:13:53,22248.0,160.0,15407.0
155689,11/14/2020,,Senegal,2021-04-02 15:13:53,15779.0,327.0,15407.0
170448,12/03/2020,Krasnodar Krai,Russia,2021-04-02 15:13:53,22589.0,620.0,15407.0
174506,12/08/2020,Thuringen,Germany,2021-04-02 15:13:53,22021.0,467.0,15407.0
249603,03/17/2021,Arica y Parinacota,Chile,2021-04-02 15:13:53,16307.0,329.0,15407.0
267086,04/09/2021,,Nigeria,2021-04-10 04:20:59,163652.0,2059.0,154073.0
62745,07/12/2020,Karnataka,India,2021-04-02 15:13:53,38843.0,684.0,15409.0
93511,08/22/2020,Tokyo,Japan,2021-04-02 15:13:53,19131.0,350.0,15409.0
216039,02/01/2021,Caqueta,Colombia,2021-04-02 15:13:53,16564.0,595.0,15409.0
126786,10/06/2020,Kerala,India,2021-04-02 15:13:53,242799.0,884.0,154092.0
216283,02/01/2021,Moscow Oblast,Russia,2021-04-02 15:13:53,193810.0,3796.0,154097.0
267850,04/10/2021,,Nigeria,2021-04-11 04:20:56,163736.0,2060.0,154098.0
136244,10/19/2020,,Togo,2021-04-02 15:13:53,2071.0,51.0,1541.0
178982,12/14/2020,Port Quarantine,Japan,2021-04-02 15:13:53,1700.0,1.0,1541.0
213982,01/29/2021,Miyazaki,Japan,2021-04-02 15:13:53,1804.0,17.0,1541.0
220765,02/07/2021,Kagoshima,Japan,2021-04-02 15:13:53,1659.0,21.0,1541.0
226646,02/15/2021,,Vietnam,2021-04-02 15:13:53,2269.0,35.0,1541.0
238445,03/02/2021,Nagasaki,Japan,2021-04-02 15:13:53,1612.0,36.0,1541.0
272843,04/16/2021,Niigata,Japan,2021-04-17 04:20:40,1884.0,17.0,1541.0
75652,07/29/2020,Valparaiso,Chile,2021-04-02 15:13:53,17256.0,471.0,15410.0
122440,09/30/2020,OHiggins,Chile,2021-04-02 15:13:53,16461.0,416.0,15410.0
127598,10/07/2020,Meta,Colombia,2021-04-02 15:13:53,17719.0,442.0,15410.0
128344,10/08/2020,Meta,Colombia,2021-04-02 15:13:53,17987.0,442.0,15410.0
227426,02/16/2021,Altai Republic,Russia,2021-04-02 15:13:53,15939.0,143.0,15410.0
269489,04/12/2021,Basilicata,Italy,2021-04-13 04:20:37,21059.0,489.0,15410.0
